seq_id,template,n_holo_seeds,n_apo_seeds,holo_ptm,holo_ptm_sd,holo_iptm,holo_iptm_sd,holo_ranking_score,holo_ranking_score_sd,holo_mean_plddt,holo_mean_plddt_sd,holo_chromophore_plddt,holo_chromophore_plddt_sd,holo_mean_pae,holo_mean_pae_sd,holo_interface_pae,holo_interface_pae_sd,apo_ptm,apo_ptm_sd,apo_ranking_score,apo_ranking_score_sd,apo_mean_plddt,apo_mean_plddt_sd,apo_chromophore_plddt,apo_chromophore_plddt_sd,apo_mean_pae,apo_mean_pae_sd,chromophore_holo_plddt,chromophore_holo_plddt_sd,chromophore_apo_plddt,chromophore_apo_plddt_sd,mean_plddt_diff,mean_plddt_diff_sd,chromophore_plddt_diff,chromophore_plddt_diff_sd,pae_diff,pae_diff_sd,global_rmsd,global_rmsd_sd,chromophore_rmsd,chromophore_rmsd_sd,mean_per_res_rmsd,max_per_res_rmsd,holo_fraction_disordered,holo_fraction_disordered_sd,apo_fraction_disordered,apo_fraction_disordered_sd,sequence,global_id,apo_plddt_vs_template,score_component_chrom_holo,score_component_iptm,score_component_rmsd,score_component_holo_ptm,score_component_rel_apo,score_component_confidence,score_component_chrom_diff,fitness_score,rank_in_pool
62,G4FP_r20_l1_cro_mod0,25,25,0.878,0.0040824829046386,0.8936000000000002,0.0177670106283152,0.9284,0.0143410831761992,90.78324421529176,0.2048227617682164,98.52136666666668,0.0194894766239173,6.338647147883104,0.1055016542454966,6.6238925129725725,0.1633089156140803,0.84,0.0,0.8644,0.0119303534454488,85.29534225352113,0.2116335919351939,97.01628333333332,0.5872833145517822,7.055799047807975,0.084611740326742,98.52136666666668,0.0194894766239173,97.01628333333332,0.5872833145517822,5.487901961770618,0.2945184900371311,1.5050833333333458,0.5876066126670136,-0.7171518999248709,0.1352395861042777,5.3571630345725785,0.21561510998205,0.008399640380433,0.0039601470520625,5.3571630345725785,5.872899479121043,0.0756,0.0063749509802036,0.044,0.0207846096908265,HPGHLKGREIGMWYAARNGGGGVRTKIHIEADPANRGINQHWTEEYPLEDGSTLKADVKEQNTPIGDGPVLLPDNHYLSTQSKLSKDPNEKRDHMVLLEFVTAAGITLGMDELYKGGTGGSMVSKGEELFTGVVPILVELDGDVNGHKFSVSGEGEGDATYGKLTLKFICTTGKLPVPWPTLVTTLVQCFSRYPDHMKQHDFFKSAMPEGYVQERTIFFKDDGNYKTRAEVKFEGDTLVSRIELKGTGFKEDGPILGQKILFNPRPSSLKGREVAEYYKKKRGQ,G4FP_r20_l1_cro_mod0_design_0062,,0.9686719419264698,1.0,0.16767704360880833,1.0,0.5,0.985081742542536,0.5330474312952399,0.7932260007148275,1
10,G4FP_r20_l1_cro_mod0,25,25,0.8672000000000001,0.0061373175465073,0.8312,0.0559255457431276,0.8740000000000001,0.0443471156521669,89.68917432092556,0.3295601562785487,98.68659047619047,0.0225029754688316,6.772482784912155,0.2105352212480991,7.521062268346924,0.5578774876430574,0.8388000000000001,0.0043969686527576,0.8656,0.0082056890833941,84.80819519617705,0.6101852779228653,97.26866428571428,0.7243512673851361,7.254146151557231,0.2930532225690825,98.68659047619047,0.0225029754688316,97.26866428571428,0.7243512673851361,4.880979124748507,0.6934954722275739,1.4179261904761944,0.7247007261396968,-0.4816633666450762,0.3608396744318871,4.832752529363596,1.1486897140073498,0.0082248575162043,0.0045984151591122,4.832752529363596,9.85502116232239,0.0724,0.0051224993899462,0.0504,0.0200957706993287,HPGHLKGREIGMWYAARNGGGGRRTLIHIEADPENRGIRQHWTEELPLVDGSTLKADVEEQNTPIGDGPVLLPDNHYLSTQSKLSKDPNEKRDHMVLLEFVTAAGITLGMDELYKGGTGGSMVSKGEELFTGVVPILVELDGDVNGHKFSVSGEGEGDATYGKLTLKFICTTGKLPVPWPTLVTTLVQCFSRYPDHMKQHDFFKSAMPEGYVQERTIFFKDDGNYKTRAEVKFEGDTLVKRIELKGTGFKEDGPILGQKLLFTPRPSDLKGREVAEYYKKKRGQ,G4FP_r20_l1_cro_mod0_design_0010,,0.9865453573266484,0.9023168440826548,0.12546396681046468,0.9357142857142862,0.5,0.7428537564661483,0.5253539272473539,0.7448026724167136,2
42,G4FP_r20_l1_cro_mod0,25,25,0.8760000000000001,0.0057735026918962,0.8676,0.0183212081115484,0.9052,0.0166132477258361,90.47455470321933,0.4564837685439302,97.76724285714286,0.2868351308303073,6.236348941824875,0.2607491913314003,6.396636767976279,0.3076944053083323,0.8320000000000001,0.0057735026918962,0.8639999999999999,0.0132287565553229,84.64816825955734,0.4066005105822361,96.6452523809524,0.515488662797257,7.623926701051379,0.2059847618926273,97.76724285714286,0.2868351308303073,96.6452523809524,0.515488662797257,5.826386443661974,0.6113112187337997,1.1219904761904758,0.5899177516831848,-1.3875777592265033,0.3322948433423871,4.445054423119494,0.93835009515094,0.0081127970171178,0.0046240279208247,4.445054423119494,7.009520774296626,0.0732,0.0073321211119293,0.0624,0.0250247877113872,HPGHLKGREIGMWYAARNGGGGRRTLRHVRADPANRGITVDYTEEYPLEDGSTLLADVQEQNTPIGDGPVLLPDNHYLSTQSKLSKDPNEKRDHMVLLEFVTAAGITLGMDELYKGGTGGSMVSKGEELFTGVVPILVELDGDVNGHKFSVSGEGEGDATYGKLTLKFICTTGKLPVPWPTLVTTLVQCFSRYPDHMKQHDFFKSAMPEGYVQERTIFFKDDGNYKTRAEVKFEGDTLVKRIELKGTGFKEDGPILGQKLLFNPRDSTLKGREVAEAYKKARGQ,G4FP_r20_l1_cro_mod0_design_0042,,0.887093093516954,0.9592986850344394,0.09425572484945995,0.9880952380952388,0.5,0.7927496830474114,0.4992311960387046,0.738549633033859,3
68,G4FP_r20_l1_cro_mod0,25,25,0.8552,0.0071414284285428,0.7591999999999999,0.0876983466206746,0.8160000000000001,0.0694022093788567,89.45935978370223,0.3207822468120961,98.81096666666666,0.0205817166481606,7.074062847868946,0.2900194077405028,8.405600444773906,0.8185736590795382,0.8395999999999999,0.002,0.8612000000000001,0.0088128693776015,84.83918113682094,0.1982632199410928,97.34636666666668,0.5431626047161531,7.407019242213846,0.090074201599606,98.81096666666666,0.0205817166481606,97.34636666666668,0.5431626047161531,4.6201786468812855,0.3771068207434423,1.46459999999999,0.5435524098210044,-0.3329563943449001,0.3036850649273989,6.038539410368283,0.301783144935718,0.0071753841955054,0.0045621616124984,6.038539410368283,6.798634172929081,0.0724,0.0081387959797503,0.0452,0.0200239856172541,HPGHLKGREIGMWYAARNGGGGRKVDIHISADPANRGINQSWTEELPLEDGSTLLADVQEQNTPIGDGPVLLPDNHYLSTQSKLSKDPNEKRDHMVLLEFVTAAGITLGMDELYKGGTGGSMVSKGEELFTGVVPILVELDGDVNGHKFSVSGEGEGDATYGKLTLKFICTTGKLPVPWPTLVTTLVQCFSRYPDHMKQHDFFKSAMPEGYVQERTIFFKDDGNYKTRAEVKFEGDTLVSRIELKGTGFKEDGPILGQKILFNPRDSTLKGRQVAEYYKKKRGQ,G4FP_r20_l1_cro_mod0_design_0068,,1.0,0.7896055103318719,0.22252528366948138,0.8642857142857141,0.5,0.9349404915095342,0.529473901018065,0.7336437469026272,4
46,G4FP_r20_l1_cro_mod0,25,25,0.8560000000000001,0.006454972243679,0.7652,0.0865601910041022,0.8224000000000001,0.0695988505652212,90.12033395372232,0.3632930713979939,98.56196666666666,0.0207210585762054,6.983473602805827,0.2763520506598085,8.0984966641957,0.8611461955803745,0.8556000000000001,0.0058309518948453,0.868,0.0070710678118654,86.24558551307845,0.4809241640636884,97.18198333333332,0.4161344913973803,6.502663013291014,0.2080879054533169,98.56196666666666,0.0207210585762054,97.18198333333332,0.4161344913973803,3.87474844064387,0.6027187630281186,1.3799833333333282,0.4166500656415103,0.4808105895148129,0.3459350116710217,6.619618877932791,0.5728930851389914,0.0066280467330907,0.0037515962140044,6.619618877932791,9.296593564002135,0.0788,0.0076524505878835,0.0236,0.0116206712370671,HPGHLKGREIGMWYAARNGGGGVKVDIHIAADPANRGINQSWREKYPLVDGSTQYADVQEQNTPIGDGPVLLPDNHYLSTQSKLSKDPNEKRDHMVLLEFVTAAGITLGMDELYKGGTGGSMVSKGEELFTGVVPILVELDGDVNGHKFSVSGEGEGDATYGKLTLKFICTTGKLPVPWPTLVTTLVQCFSRYPDHMKQHDFFKSAMPEGYVQERTIFFKDDGNYKTRAEVKFEGDTLVSRIELKGTGFKEDGPILGQKLLFTPRPSSLKGREVAEYYKKKRGQ,G4FP_r20_l1_cro_mod0_design_0046,,0.9730639279685447,0.7989981214777706,0.2692999991768798,0.8690476190476196,0.5,0.7979663580285365,0.5220046489731057,0.729766205445336,5
2,G4FP_r20_l1_cro_mod0,25,25,0.8580000000000001,0.0057735026918962,0.7880000000000001,0.0841130192063036,0.8416000000000001,0.0676806225345679,89.5502764084507,0.2286911224138263,98.12963571428573,0.0505205866172051,6.978591641342352,0.1965237944824542,8.044297998517422,0.7317729832116174,0.8388,0.0033166247903554,0.8692,0.0049328828623162,85.37830437625753,0.3389683042076177,96.59353095238096,0.5431924097411324,7.541726591946042,0.0996808631843129,98.12963571428573,0.0505205866172051,96.59353095238096,0.5431924097411324,4.171972032193168,0.4088999152950313,1.536104761904781,0.5455367299023273,-0.5631349506036898,0.2203585176092624,6.089827435199733,0.7201992413160619,0.0072872042971272,0.0049756119266639,6.089827435199733,6.94056746945422,0.0788,0.0076524505878835,0.0636,0.0101508620323596,HPGHLKGREIGMWYAARNGGGGERVDIHISADPANRGINQHWRRKYKLEDGSTLYADVEQQNTPIGDGPVLLPDNHYLSTQSKLSKDPNEKRDHMVLLEFVTAAGITLGMDELYKGGTGGSMVSKGEELFTGVVPILVELDGDVNGHKFSVSGEGEGDATYGKLTLKFICTTGKLPVPWPTLVTTLVQCFSRYPDHMKQHDFFKSAMPEGYVQERTIFFKDDGNYKTRAEVKFEGDTLVSRIELKGTGFKEDGPILGQKILFNKRDSTLKGRQVAEAYKKARGQ,G4FP_r20_l1_cro_mod0_design_0002,,0.9262956642144853,0.8346900438321854,0.22665377711028797,0.8809523809523815,0.5,0.9156381818322016,0.535785743709596,0.728958546998158,6
47,G4FP_r20_l1_cro_mod0,25,25,0.8512,0.007257180352359,0.7580000000000001,0.0979795897113271,0.8164,0.0807712820252346,89.61888797786722,0.3469354945827003,97.9490761904762,0.0560940590600188,7.147098301909399,0.304512464262382,8.343791697553744,0.8966196752059994,0.8196000000000001,0.0019999999999999,0.8536,0.0168027775481714,81.81879517102615,0.2888048650850447,96.0576738095238,0.452393214941882,8.287748561793293,0.1530251838768623,97.9490761904762,0.0560940590600188,96.0576738095238,0.452393214941882,7.800092806841064,0.4514116607910498,1.8914023809523848,0.4558576141595978,-1.1406502598838948,0.340799864717837,7.278678876494671,0.9977453873715294,0.0070719783911137,0.0050465998177286,7.278678876494671,11.071455249250208,0.0776,0.0081387959797503,0.068,0.0328633534503099,HPGHLKGREIGMWYAARNGGGGVRVDIHIEADPANRGIRVHYRRLYPLEDGSTLEADVEEQNTPIGDGPVLLPDNHYLSTQSKLSKDPNEKRDHMVLLEFVTAAGITLGMDELYKGGTGGSMVSKGEELFTGVVPILVELDGDVNGHKFSVSGEGEGDATYGKLTLKFICTTGKLPVPWPTLVTTLVQCFSRYPDHMKQHDFFKSAMPEGYVQERTIFFKDDGNYKTRAEVKFEGDTLVSRIELKGTGFKEDGPILGQKLLFTPRDSTLKGREVAEAYKKARGQ,G4FP_r20_l1_cro_mod0_design_0047,,0.9067632773096715,0.7877269881026925,0.3223518546558656,0.8404761904761903,0.5,0.8898283357614896,0.5671484476801372,0.7208956122949808,7
29,G4FP_r20_l1_cro_mod0,25,25,0.8532000000000001,0.0080208062770106,0.7324,0.0925688932633419,0.7924,0.0757341842675199,89.5683384305835,0.3195696425444226,98.7882261904762,0.0217536994251766,7.064907057042339,0.2897032786107058,8.494363232023721,0.904772564076937,0.8395999999999999,0.002,0.8667999999999999,0.0062716292407422,85.11841961770624,0.403691313179788,97.36135714285714,0.7776079208077363,7.281546667327911,0.1962754859460685,98.7882261904762,0.0217536994251766,97.36135714285714,0.7776079208077363,4.449918812877257,0.514870306749954,1.42686904761905,0.7779121428166627,-0.2166396102855721,0.349931501898811,6.045251343196253,0.9344089822646584,0.0064848943843954,0.003356280366872,6.045251343196253,8.658932290063682,0.074,0.0063245553203367,0.0536,0.0171767284428671,HPGHLKGREIGMWYAARNGGGGRKVDIHIEADPANRGINQHWREELPLVDGSTLLADVQQQNTPIGDGPVLLPDNHYLSTQSKLSKDPNEKRDHMVLLEFVTAAGITLGMDELYKGGTGGSMVSKGEELFTGVVPILVELDGDVNGHKFSVSGEGEGDATYGKLTLKFICTTGKLPVPWPTLVTTLVQCFSRYPDHMKQHDFFKSAMPEGYVQERTIFFKDDGNYKTRAEVKFEGDTLVKRIELKGTGFKEDGPILGQKILFNPRPSTLKGREVAEYYKKKRGQ,G4FP_r20_l1_cro_mod0_design_0029,,0.9975400035955987,0.7476518472135252,0.22306556906254293,0.8523809523809528,0.5,0.8513011507460326,0.5261433279249437,0.7164871648523542,8
43,G4FP_r20_l1_cro_mod0,25,25,0.8532000000000001,0.0080208062770106,0.7484000000000001,0.0968538417754642,0.8096,0.078021364595432,89.66862615694164,0.4259375949834876,98.19076666666666,0.0438381519320198,7.100750427517999,0.2955555199924163,8.376274277242402,0.8800423369740952,0.8299999999999998,1.1331166295920987e-16,0.8612000000000001,0.0088128693776015,83.43184564889336,0.2818031422463031,96.45493333333334,0.5966678387829887,7.727337581829002,0.0865839580678698,98.19076666666666,0.0438381519320198,96.45493333333334,0.5966678387829887,6.236780508048284,0.5107209079332935,1.7358333333333178,0.5982761013134131,-0.6265871543110029,0.3079770238064623,6.700986780136632,0.6876672891816209,0.0073161326644125,0.0038444000294419,6.700986780136632,8.118820625444531,0.0784,0.0083330666623998,0.0588,0.0163266653055668,HPGHLKGREIGMWYAARNGGGGRRVDIHIRADPANRGITQEWTEELPLVDGSTLKADVKEQNTPIGDGPVLLPDNHYLSTQSKLSKDPNEKRDHMVLLEFVTAAGITLGMDELYKGGTGGSMVSKGEELFTGVVPILVELDGDVNGHKFSVSGEGEGDATYGKLTLKFICTTGKLPVPWPTLVTTLVQCFSRYPDHMKQHDFFKSAMPEGYVQERTIFFKDDGNYKTRAEVKFEGDTLVSRIELKGTGFKEDGPILGQKLLFTPRDSTLKGREVAEAYKKARGQ,G4FP_r20_l1_cro_mod0_design_0043,,0.9329086270124144,0.7726988102692547,0.27584980981288537,0.8523809523809528,0.5,0.8538203449944559,0.553416112516917,0.7159982965250618,9
48,G4FP_r20_l1_cro_mod0,25,25,0.8603999999999999,0.0061101009266077,0.7831999999999999,0.0852799312069766,0.8391999999999998,0.0664529909033446,90.23912183098592,0.3052014930053719,98.25913333333334,0.0452943242601648,6.814272761929658,0.2127895923323339,7.927352112676056,0.7472515667542952,0.8288,0.0043969686527576,0.8668,0.0080208062770106,84.47053158953722,0.5033101789285993,96.69273333333336,0.6532395021906,7.814868776036501,0.2448881235295624,98.25913333333334,0.0452943242601648,96.69273333333336,0.6532395021906,5.768590241448692,0.5886162481157369,1.5663999999999874,0.6548079283518243,-1.0005960141068435,0.3244219530962587,5.1059355049323605,1.195376071226356,0.0080298251356886,0.0055170708255435,5.1059355049323605,8.466971818831384,0.0812,0.0081584312217484,0.0696,0.0204899975597851,HPGHLKGREIGMWYAARNGGGGERVDIHISADPANRGIRQHWTRELKLEDGSTLTADVEQQNTPIGDGPVLLPDNHYLSTQSKLSKDPNEKRDHMVLLEFVTAAGITLGMDELYKGGTGGSMVSKGEELFTGVVPILVELDGDVNGHKFSVSGEGEGDATYGKLTLKFICTTGKLPVPWPTLVTTLVQCFSRYPDHMKQHDFFKSAMPEGYVQERTIFFKDDGNYKTRAEVKFEGDTLVSRIELKGTGFKEDGPILGQKILFTKRDSTLKGREVAEAYKKARGQ,G4FP_r20_l1_cro_mod0_design_0048,,0.9403043276464873,0.8271759549154661,0.14745417069299127,0.8952380952380949,0.5,0.8065283150795022,0.538459954098745,0.7155233239890637,10
58,G4FP_r20_l1_cro_mod0,25,25,0.8523999999999999,0.008306623862918,0.7240000000000001,0.0927811043981118,0.7875999999999999,0.0749043834943367,89.4347490694165,0.3634461742386122,98.79671666666668,0.0213871932949877,7.101465041553659,0.2970736463603312,8.654088213491475,0.8969124587754433,0.84,0.0,0.8732,0.0074833147735478,85.62247328973842,0.2119619750582945,97.5804,0.8607741764657976,7.299832523308868,0.0616486853030837,98.79671666666668,0.0213871932949877,97.5804,0.8607741764657976,3.812275779678074,0.4207386367322316,1.216316666666657,0.8610398335195703,-0.1983674817552083,0.3034028868706126,5.717660339989577,1.148302745064326,0.0066670876622545,0.0039266635861554,5.717660339989577,7.246438247611167,0.0748,0.0069971422738143,0.0636,0.0138217220345367,HPGHLKGREIGMWYAARNGGGGEKVEINISADPANRGINQSWTRKYKLEDGSTLEADVQQQNTPIGDGPVLLPDNHYLSTQSKLSKDPNEKRDHMVLLEFVTAAGITLGMDELYKGGTGGSMVSKGEELFTGVVPILVELDGDVNGHKFSVSGEGEGDATYGKLTLKFICTTGKLPVPWPTLVTTLVQCFSRYPDHMKQHDFFKSAMPEGYVQERTIFFKDDGNYKTRAEVKFEGDTLVKRIELKGTGFKEDGPILGQKILFNKRPSTLKGREVAEYYKKKRGQ,G4FP_r20_l1_cro_mod0_design_0058,,0.9984584778054314,0.7345021916092673,0.19669572322717202,0.8476190476190473,0.5,0.9084506252074849,0.5075575236862225,0.7106877904252928,11
37,G4FP_r20_l1_cro_mod0,25,25,0.8491999999999998,0.0075938571665963,0.7408,0.086646792593071,0.8016,0.0702187059597844,89.06496639839034,0.3257425818632377,98.58885,0.0266569752354568,7.321368014029126,0.2711260835425322,8.831728687916975,0.794317522855588,0.8299999999999998,1.1331166295920987e-16,0.8644,0.0058309518948453,84.3742750503018,0.2260583971938981,97.36198333333334,0.7434839556850641,7.763627504463399,0.0599981577552899,98.58885,0.0266569752354568,97.36198333333334,0.7434839556850641,4.690691348088535,0.3964979553299138,1.226866666666666,0.743961683616713,-0.4422594904342736,0.2776853112988529,5.634475273547278,0.7667406802779313,0.0071048578194139,0.0040669455056274,5.634475273547278,6.5002660191151165,0.076,0.0069282032302755,0.0664,0.0112712022428842,HPGHLKGREIGMWYAARNGGGGVKTDIHISADPANRGINQHWREKLKLEDGSTLYADVHQQNTPIGDGPVLLPDNHYLSTQSKLSKDPNEKRDHMVLLEFVTAAGITLGMDELYKGGTGGSMVSKGEELFTGVVPILVELDGDVNGHKFSVSGEGEGDATYGKLTLKFICTTGKLPVPWPTLVTTLVQCFSRYPDHMKQHDFFKSAMPEGYVQERTIFFKDDGNYKTRAEVKFEGDTLVKRIELKGTGFKEDGPILGQKILFTPRPSTLKGREVAEYYKKKRGQ,G4FP_r20_l1_cro_mod0_design_0037,,0.9759720862139754,0.7608015028177831,0.18999963769241576,0.8285714285714276,0.5,0.9231676933575468,0.5084887895015591,0.7085618813404715,12
55,G4FP_r20_l1_cro_mod0,25,25,0.8471999999999998,0.0079162280580252,0.7188,0.0864253049363051,0.7836,0.0695149863938225,89.0901129778672,0.3310810946290475,98.47011190476192,0.0392080812125444,7.311863717064775,0.2836886762428722,8.827318754633062,0.8100644021070481,0.8512000000000001,0.0033166247903554,0.866,0.01,86.33358770120725,0.2667001322078245,96.92591428571428,0.6425622844603514,6.653588871255703,0.1067740242765196,98.47011190476192,0.0392080812125444,96.92591428571428,0.6425622844603514,2.756525276659943,0.4251395673663407,1.5441976190476223,0.6437573790204466,0.6582748458090721,0.3031170686197594,6.315043204857767,0.2055373981269148,0.008368780028703,0.004545186201469,6.315043204857767,6.735898976581027,0.076,0.0074833147735478,0.03,0.0149666295470957,HPGHLKGREIGMWYAARNGGGGRRTLIHIEADPANRGITQHWTEELPLEDGSTLKADVLEQNTPIGDGPVLLPDNHYLSTQSKLSKDPNEKRDHMVLLEFVTAAGITLGMDELYKGGTGGSMVSKGEELFTGVVPILVELDGDVNGHKFSVSGEGEGDATYGKLTLKFICTTGKLPVPWPTLVTTLVQCFSRYPDHMKQHDFFKSAMPEGYVQERTIFFKDDGNYKTRAEVKFEGDTLVSRIELKGTGFKEDGPILGQKILFTPRPSSLKGREVAEYYKKKRGQ,G4FP_r20_l1_cro_mod0_design_0055,,0.9631273557472663,0.7263619286161551,0.24478280100729027,0.8166666666666658,0.5,0.9057787202807659,0.5365001134921101,0.7037036829305926,13
96,G4FP_r20_l1_cro_mod0,25,25,0.8515999999999999,0.008,0.7192000000000002,0.0936714115049695,0.7876000000000001,0.075844138424359,89.20760767102614,0.3713227653860299,98.30556666666664,0.0424215772776833,7.155573505865437,0.2865262367825232,8.673217197924389,0.8890222776090885,0.8448,0.0050990195135927,0.8644,0.0091651513899116,85.55262766599597,0.2246709471015057,97.16804285714286,0.6409211781284861,7.131397193017258,0.1046641317379241,98.30556666666664,0.0424215772776833,97.16804285714286,0.6409211781284861,3.654980005030168,0.4340018785275199,1.1375238095237847,0.6423235530418708,0.0241763128481791,0.3050440375375465,6.463383492199056,0.3935394097556235,0.0074207955223357,0.0039297542754753,6.463383492199056,6.987319549366476,0.0819999999999999,0.0093808315196468,0.0388,0.0210371100676875,HPGHLKGREIGMWYAARNGGGGERVDIHIEADPANRGIRQHWTREYPLEDGSTLKADVHEQNTPIGDGPVLLPDNHYLSTQSKLSKDPNEKRDHMVLLEFVTAAGITLGMDELYKGGTGGSMVSKGEELFTGVVPILVELDGDVNGHKFSVSGEGEGDATYGKLTLKFICTTGKLPVPWPTLVTTLVQCFSRYPDHMKQHDFFKSAMPEGYVQERTIFFKDDGNYKTRAEVKFEGDTLVSRIELKGTGFKEDGPILGQKILFTKRPSTLKGREVAEYYKKKRGQ,G4FP_r20_l1_cro_mod0_design_0096,,0.94532734616587,0.7269881026925485,0.2567236372026498,0.8428571428571423,0.5,0.9003982099245817,0.5006023488663374,0.7030660071631194,14
52,G4FP_r20_l1_cro_mod0,25,25,0.84,0.01,0.6848000000000001,0.0971304964124725,0.7544,0.0787972080723676,88.92120792253522,0.4227638342988994,98.38596904761904,0.032938476406561,7.566308313999717,0.3501251905568005,9.319140103780578,1.030134806075317,0.8251999999999998,0.0071414284285428,0.8492000000000001,0.0090921211313239,82.24007497484908,0.6311113903304516,96.9948119047619,0.5174648979394537,8.133258331680222,0.3384436026944613,98.38596904761904,0.032938476406561,96.9948119047619,0.5174648979394537,6.681132947686137,0.7596254646837104,1.3911571428571392,0.5185121636253819,-0.5669500176805053,0.4869617246429562,8.923538028408856,3.032365836936984,0.0081858745560696,0.0048504933632893,8.923538028408856,11.49747807286855,0.0768,0.0073321211119293,0.0528,0.0210751037957111,HPGHLKGREIGMWYAARNGGGGIKTDIHIEADPANRGIRQHWTEEFKLEDGSTQLAYVEEQNTPIGDGPVLLPDNHYLSTQSKLSKDPNEKRDHMVLLEFVTAAGITLGMDELYKGGTGGSMVSKGEELFTGVVPILVELDGDVNGHKFSVSGEGEGDATYGKLTLKFICTTGKLPVPWPTLVTTLVQCFSRYPDHMKQHDFFKSAMPEGYVQERTIFFKDDGNYKTRAEVKFEGDTLVKRIELKGTGFKEDGPILGQKLLFTPRPSTLKGREVAEYYKKKRGQ,G4FP_r20_l1_cro_mod0_design_0052,,0.9540250342174145,0.6731371321227301,0.45475684084991896,0.7738095238095236,0.5,0.7027047363298173,0.5229909794789444,0.7023602820743906,15
87,G4FP_r20_l1_cro_mod0,25,25,0.8443999999999999,0.0104403065089105,0.7148,0.1112849196132761,0.7776000000000001,0.0919365723383971,89.11241370724346,0.4927819863169188,98.65166666666666,0.031343379004305,7.333679748172837,0.3697543586331229,9.06118013343217,1.1650423849755094,0.8303999999999999,0.002,0.8632,0.0074833147735478,84.41001815895372,0.2317535095233626,97.33478333333332,0.6370273656471357,7.759132215830193,0.0818579296613372,98.65166666666666,0.031343379004305,97.33478333333332,0.6370273656471357,4.702395548289744,0.5445583304062507,1.3168833333333367,0.6377979868192882,-0.4254524676573563,0.3787070191805699,6.443189533052967,0.8071956842702056,0.0072989562960255,0.0036750937350772,6.443189533052967,7.1166677575958905,0.0744,0.0106131993291372,0.0608,0.0144,HPGHLKGREIGMWYAARNGGGGVKTDIHISADPANRGINQNWTEKYPLEDGSTLTADVKEQNTPIGDGPVLLPDNHYLSTQSKLSKDPNEKRDHMVLLEFVTAAGITLGMDELYKGGTGGSMVSKGEELFTGVVPILVELDGDVNGHKFSVSGEGEGDATYGKLTLKFICTTGKLPVPWPTLVTTLVQCFSRYPDHMKQHDFFKSAMPEGYVQERTIFFKDDGNYKTRAEVKFEGDTLVKRIKLEGTGFKEDGPILGQKILFNKRDSTLKGREVAEYYKKKRGQ,G4FP_r20_l1_cro_mod0_design_0087,,0.9827674045196347,0.7201001878522227,0.2550980993085209,0.7999999999999996,0.5,0.8332768774123387,0.5164347084093449,0.7014671922803267,16
26,G4FP_r20_l1_cro_mod0,25,25,0.848,0.0104083299973306,0.7536000000000002,0.1177171751841392,0.8076000000000001,0.0996360042019617,89.25800238933601,0.3747019312052845,98.74483333333336,0.0309005929315012,7.289339171540917,0.3571808398932438,8.613666419570052,1.1613419897236967,0.8287999999999998,0.0043969686527576,0.8639999999999999,0.0086602540378443,83.61732806841046,0.3852801466840571,97.35053333333332,0.6328011461029921,7.883642828803809,0.1495409469816002,98.74483333333336,0.0309005929315012,97.35053333333332,0.6328011461029921,5.640674320925555,0.5374405350156037,1.3943000000000296,0.6335551571511187,-0.5943036572628921,0.3872217029183629,4.611058152087754,1.3956155524576754,0.0080307122641802,0.0044810643587362,4.611058152087754,9.902407242906254,0.0712,0.0117711511756497,0.0692,0.0193742096612997,HPGHLKGREIGMWYAARNGGGGEKVDIHISADPANRGINVEYTRKYKLEDGSTLEADVKEQNTPIGDGPVLLPDNHYLSTQSKLSKDPNEKRDHMVLLEFVTAAGITLGMDELYKGGTGGSMVSKGEELFTGVVPILVELDGDVNGHKFSVSGEGEGDATYGKLTLKFICTTGKLPVPWPTLVTTLVQCFSRYPDHMKQHDFFKSAMPEGYVQERTIFFKDDGNYKTRAEVKFEGDTLVKRIELKGTGFKEDGPILGQKILFTKTDSTLKGREVAEYYKKKRGQ,G4FP_r20_l1_cro_mod0_design_0026,,0.992845894657245,0.780839073262367,0.10761840177935099,0.8214285714285713,0.5,0.8375982526288097,0.5232684046372058,0.7008216208243921,17
93,G4FP_r20_l1_cro_mod0,25,25,0.8467999999999999,0.0062716292407422,0.7063999999999999,0.0786278152649133,0.7748,0.0641040820333099,88.87716682595574,0.304129700700413,98.50304285714284,0.0316623742093159,7.36705142197388,0.2544308421134671,8.853260192735359,0.7797700734732372,0.8456,0.0050662280511902,0.8592000000000002,0.0075938571665963,85.80163003018107,0.2558787479316721,97.09210000000002,0.5909298766107851,6.834417427097797,0.0978043829142058,98.50304285714284,0.0316623742093159,97.09210000000002,0.5909298766107851,3.075536795774667,0.3974529009721819,1.4109428571428282,0.5917775131008346,0.5326339948760825,0.2725816404965613,6.297802389382382,0.2557726992420027,0.0082183774409505,0.0048294311109302,6.297802389382382,6.820766481886536,0.0819999999999999,0.0093808315196468,0.0279999999999999,0.012,HPGHLKGREIGMWYAARNGGGGVRTDIHIEADPENRGINQHWTEEYPLEDGSTLKADVHEQNTPIGDGPVLLPDNHYLSTQSKLSKDPNEKRDHMVLLEFVTAAGITLGMDELYKGGTGGSMVSKGEELFTGVVPILVELDGDVNGHKFSVSGEGEGDATYGKLTLKFICTTGKLPVPWPTLVTTLVQCFSRYPDHMKQHDFFKSAMPEGYVQERTIFFKDDGNYKTRAEVKFEGDTLVSRIELKGTGFKEDGPILGQKILFNPRPSSLKGREVAEWYKKKRGQ,G4FP_r20_l1_cro_mod0_design_0093,,0.9666897272548847,0.7069505322479646,0.2433949800912343,0.8142857142857136,0.5,0.9225879241726954,0.5247374969525237,0.6994284400885155,18
44,G4FP_r20_l1_cro_mod0,25,25,0.8499999999999999,0.0091287092917527,0.7148,0.0886998684704022,0.78,0.0721687836487032,89.20607218309858,0.4696935226078889,98.69158333333333,0.0371852142932793,7.211596161596358,0.3412295429247418,8.945692364714603,0.8739294372509341,0.8303999999999999,0.0035118845842842,0.8612000000000001,0.0088128693776015,84.24064622736418,0.4128777543510408,97.41035,0.6392319732499294,7.741360146796271,0.1720380093853797,98.69158333333333,0.0371852142932793,97.41035,0.6392319732499294,4.965425955734403,0.6253639302180498,1.2812333333333328,0.6403126234793717,-0.5297639851999136,0.3821448385598218,5.9116731613686895,0.7494528905315327,0.0063422117779871,0.0034213198792971,5.9116731613686895,7.385853264832579,0.072,0.0074833147735478,0.0592,0.0152105226734652,HPGHLKGREIGMWYAARNGGGGVKTDIHIYADPANRGIRQHWTEKLPLEDGSTLEADVEEQNTPIGDGPVLLPDNHYLSTQSKLSKDPNEKRDHMVLLEFVTAAGITLGMDELYKGGTGGSMVSKGEELFTGVVPILVELDGDVNGHKFSVSGEGEGDATYGKLTLKFICTTGKLPVPWPTLVTTLVQCFSRYPDHMKQHDFFKSAMPEGYVQERTIFFKDDGNYKTRAEVKFEGDTLVKRIKLEGTGFKEDGPILGQKILFNPRPSTLKGREVAEYYKKKRGQ,G4FP_r20_l1_cro_mod0_design_0044,,0.9870854696143698,0.7201001878522227,0.21231302693750873,0.8333333333333326,0.5,0.7842179627886281,0.5132878243982812,0.6985186577666199,19
19,G4FP_r20_l1_cro_mod0,25,25,0.8476,0.008306623862918,0.6775999999999999,0.0909798512492372,0.7512000000000001,0.0760657610229464,89.23212017102618,0.347295406149065,98.6347095238095,0.0284009116807399,7.272620113496498,0.3189170840938746,9.066489251297256,0.9420695146235122,0.8303999999999999,0.002,0.86,0.0070710678118654,84.73852095070423,0.2905671047640768,97.48575476190476,0.6710726329498621,7.697577216822058,0.1280749944547479,98.6347095238095,0.0284009116807399,97.48575476190476,0.6710726329498621,4.493599220321954,0.4528171170607644,1.148954761904733,0.6716733510260456,-0.4249571033255597,0.3436732615894393,6.982646359641048,1.2845458858150578,0.005892070934757,0.0032790693272958,6.982646359641048,10.3937614729573,0.0764,0.0084285230022821,0.0572,0.0137171425595858,HPGHLKGREIGMWYAARNGGGGERVDIHIAADPANRGITQNWTRELKLEDGSTLLADVQEQNTPIGDGPVLLPDNHYLSTQSKLSKDPNEKRDHMVLLEFVTAAGITLGMDELYKGGTGGSMVSKGEELFTGVVPILVELDGDVNGHKFSVSGEGEGDATYGKLTLKFICTTGKLPVPWPTLVTTLVQCFSRYPDHMKQHDFFKSAMPEGYVQERTIFFKDDGNYKTRAEVKFEGDTLVSRIELKGTGFKEDGPILGQKILFNKTPSTLKGREVAEYYKKKRGQ,G4FP_r20_l1_cro_mod0_design_0019,,0.9809330317427354,0.6618659987476514,0.29852234848727927,0.8190476190476192,0.5,0.8889750513442726,0.5016113777942148,0.6978645742097559,20
59,G4FP_r20_l1_cro_mod0,25,25,0.8512,0.0078102496759066,0.7071999999999999,0.0887656089560215,0.7756000000000001,0.0708331372546305,89.30620329476861,0.3274943991387375,98.68298333333334,0.0236879916640066,7.204845015194589,0.2716148807634519,8.803343217197925,0.8448771439552055,0.8375999999999999,0.0043588989435406,0.8716000000000002,0.0074610097618664,85.51633883299799,0.2308204410842286,97.22243333333334,0.618514916060146,7.461412715731005,0.1082686606671186,98.68298333333334,0.0236879916640066,97.22243333333334,0.618514916060146,3.78986446177062,0.4006627727772579,1.4605499999999978,0.6189683532604583,-0.256567700536416,0.2923982666412301,5.3896251484284265,0.8820825162736329,0.0065317377441155,0.0038390122008956,5.3896251484284265,6.566976897184733,0.0772,0.0095999999999999,0.0676,0.0114122740941496,HPGHLKGREIGMWYAARNGGGGRRTDIHISADPANRGINQHWTEELPLEDGSTLKADVQEQNTPIGDGPVLLPDNHYLSTQSKLSKDPNEKRDHMVLLEFVTAAGITLGMDELYKGGTGGSMVSKGEELFTGVVPILVELDGDVNGHKFSVSGEGEGDATYGKLTLKFICTTGKLPVPWPTLVTTLVQCFSRYPDHMKQHDFFKSAMPEGYVQERTIFFKDDGNYKTRAEVKFEGDTLVSRIELKGTGFKEDGPILGQKILFNPRPSTLKGREVAEYYKKKRGQ,G4FP_r20_l1_cro_mod0_design_0059,,0.986155147447823,0.7082028804007511,0.17029012189694712,0.8404761904761903,0.5,0.9206391381083008,0.5291164008709462,0.6976922307670764,21
49,G4FP_r20_l1_cro_mod0,25,25,0.8464,0.0086023252670426,0.6911999999999999,0.1061571162632696,0.7624000000000001,0.0856971411425141,89.25465540744466,0.3434796815499355,98.77494523809524,0.0259293776384358,7.321945517324009,0.3168836532433346,8.994336545589324,1.0744509974763103,0.8299999999999998,1.1331166295920987e-16,0.8608,0.0095393920141694,84.59971891348088,0.2087369395647244,97.26288571428572,0.6161507643687222,7.762475302519342,0.0924890632493427,98.77494523809524,0.0259293776384358,97.26288571428572,0.6161507643687222,4.654936493963774,0.4019320857763069,1.5120595238095262,0.6166961140277091,-0.4405297851953333,0.3301052506604263,5.912779219327631,0.8401315681102216,0.0071470960615236,0.0039005159184025,5.912779219327631,6.757025056361608,0.08,0.0093808315196468,0.0644,0.0155125755437322,HPGHLKGREIGMWYAARNGGGGVRVDIHITADPANRGINQEWTEKLPLEDGSTLEADVKEQNTPIGDGPVLLPDNHYLSTQSKLSKDPNEKRDHMVLLEFVTAAGITLGMDELYKGGTGGSMVSKGEELFTGVVPILVELDGDVNGHKFSVSGEGEGDATYGKLTLKFICTTGKLPVPWPTLVTTLVQCFSRYPDHMKQHDFFKSAMPEGYVQERTIFFKDDGNYKTRAEVKFEGDTLVSRIELKGTGFKEDGPILGQKILFNPRPSTLKGREVAEYYKKKRGQ,G4FP_r20_l1_cro_mod0_design_0049,,0.9961033100615437,0.6831559173450216,0.21240206045056853,0.8119047619047621,0.5,0.919868509362321,0.533663231078343,0.6961374172269741,22
17,G4FP_r20_l1_cro_mod0,25,25,0.8464,0.0075718777944003,0.6964000000000001,0.0934023554306849,0.7667999999999999,0.0747618441006729,89.32299959758551,0.3468125407538776,98.63072619047618,0.02790021556429,7.312159112940996,0.2975622043320357,8.97551890289103,0.9091945421712532,0.8311999999999999,0.0033166247903554,0.8636,0.0103601801786133,84.29852932595573,0.3608940104527203,97.14948571428572,0.5673219838498371,7.72447698869272,0.1289132764222899,98.63072619047618,0.02790021556429,97.14948571428572,0.5673219838498371,5.024470271629781,0.5005231515172981,1.4812404761904645,0.568007619128343,-0.4123178757517234,0.3242867531751334,6.289453013129386,1.2367106151829026,0.0075407300372732,0.0036089727601755,6.289453013129386,11.14509400053613,0.078,0.0097979589711327,0.0616,0.0184780951399217,HPGHLKGREIGMWYAARNGGGGRRVDIHISADPANRGINQHWVEELPLVDGSTLKAYVEEQNTPIGDGPVLLPDNHYLSTQSKLSKDPNEKRDHMVLLEFVTAAGITLGMDELYKGGTGGSMVSKGEELFTGVVPILVELDGDVNGHKFSVSGEGEGDATYGKLTLKFICTTGKLPVPWPTLVTTLVQCFSRYPDHMKQHDFFKSAMPEGYVQERTIFFKDDGNYKTRAEVKFEGDTLVSRIELKGTGFKEDGPILGQKILFTPRPSTLKGREIAEYYKKKRGQ,G4FP_r20_l1_cro_mod0_design_0017,,0.9805021267082307,0.691296180338134,0.2427228866501513,0.8119047619047621,0.5,0.8600116344908636,0.5309427831628135,0.695691444927512,23
78,G4FP_r20_l1_cro_mod0,25,25,0.8407999999999999,0.0081240384046359,0.7144000000000001,0.0883685464404614,0.7787999999999999,0.0717820776145875,89.01807024647887,0.3327537842125754,98.5754,0.0699479722426728,7.452904965744099,0.2767353537911047,9.191529280948853,0.7714175070776594,0.8548,0.0050990195135927,0.8728,0.0089069261439249,86.49034866700202,0.2690432845311528,97.39051428571427,0.397808710720982,6.513950704225352,0.1161756713846986,98.5754,0.0699479722426728,97.39051428571427,0.397808710720982,2.5277215794768466,0.427912806374266,1.1848857142857128,0.4039114867719804,0.938954261518747,0.3001320420407881,6.168156138300855,0.2155212591564794,0.0067527057564253,0.003700139044771,6.168156138300855,6.634526618043733,0.0756,0.0080399004968967,0.0356,0.0176816288842402,HPGHLKGREIGMWYAARNGGGGVKTKRHISADPANRGINVHYTEELPLEDGSTLKADVHEQNTPIGDGPVLLPDNHYLSTQSKLSKDPNEKRDHMVLLEFVTAAGITLGMDELYKGGTGGSMVSKGEELFTGVVPILVELDGDVNGHKFSVSGEGEGDATYGKLTLKFICTTGKLPVPWPTLVTTLVQCFSRYPDHMKQHDFFKSAMPEGYVQERTIFFKDDGNYKTRAEVKFEGDTLVSRIELKGTGFKEDGPILGQKILFTPRPSSLKGREVAEYYKKKRGQ,G4FP_r20_l1_cro_mod0_design_0078,,0.9745171056162932,0.7194740137758298,0.23295894362903394,0.7785714285714279,0.5,0.9040950239028189,0.5047830619330643,0.6956712399698942,24
71,G4FP_r20_l1_cro_mod0,25,25,0.8444000000000002,0.0082056890833941,0.6935999999999999,0.0903179568708976,0.7572000000000001,0.0726016528737466,88.71889891851107,0.3212818390996921,98.62500714285714,0.0308289344245197,7.538910695029898,0.2862119490669776,9.32473980726464,0.8499398961172001,0.8496000000000001,0.002,0.8608,0.0081240384046359,85.5491685613682,0.2598393956345809,97.31579523809523,0.8115855276048995,6.795072307081929,0.0767297082653537,98.62500714285714,0.0308289344245197,97.31579523809523,0.8115855276048995,3.169730357142868,0.4132051931656048,1.3092119047619093,0.8121708513702486,0.7438383879479691,0.2963186256704166,6.1500144391255445,0.2813589797685266,0.0080254107212238,0.0035939822724505,6.1500144391255445,6.478382237560751,0.0692,0.0068818602136341,0.0264,0.0162185079461706,HPGHLKGREIGMWYAARNGGGGVKTDIHIEADPENRGIRQHWTEKLPLEDGSTLEADVEQQNTPIGDGPVLLPDNHYLSTQSKLSKDPNEKRDHMVLLEFVTAAGITLGMDELYKGGTGGSMVSKGEELFTGVVPILVELDGDVNGHKFSVSGEGEGDATYGKLTLKFICTTGKLPVPWPTLVTTLVQCFSRYPDHMKQHDFFKSAMPEGYVQERTIFFKDDGNYKTRAEVKFEGDTLVKRIKLEGTGFKEDGPILGQKLLFTPRPSSLKGREVAEYYKKKRGQ,G4FP_r20_l1_cro_mod0_design_0071,,0.9798834573161914,0.6869129618033809,0.23149860495745328,0.8000000000000009,0.5,0.9130243498703605,0.5157575388185051,0.6928629899579546,25
45,G4FP_r20_l1_cro_mod0,25,25,0.8503999999999999,0.0073484692283495,0.6931999999999999,0.0831023465372669,0.7644,0.0676436742546312,89.51349426559356,0.3744773716359985,98.11475952380954,0.0464799219996446,7.25671260987485,0.2979054888306198,8.99484432913269,0.8273819367282333,0.8375999999999999,0.0043588989435406,0.8575999999999999,0.0112842072532071,84.38395709255533,0.3034632836051645,97.1501880952381,0.5258661335409718,7.538125322356675,0.0939153086845921,98.11475952380954,0.0464799219996446,97.1501880952381,0.5258661335409718,5.12953717303823,0.4819992389660322,0.9645714285714462,0.5279162561945069,-0.2814127124818251,0.3123583926849618,7.147014380194337,0.7859707214103199,0.0083511230771561,0.0042353636676515,7.147014380194337,8.035546482832816,0.0808,0.0138332931726324,0.0444,0.0217402851867219,HPGHLKGREIGMWYAARNGGGGVKVDIHISADPANRGINQHWTDKYPLVDGSTLEADWEQQNTPIGDGPVLLPDNHYLSTQSKLSKDPNEKRDHMVLLEFVTAAGITLGMDELYKGGTGGSMVSKGEELFTGVVPILVELDGDVNGHKFSVSGEGEGDATYGKLTLKFICTTGKLPVPWPTLVTTLVQCFSRYPDHMKQHDFFKSAMPEGYVQERTIFFKDDGNYKTRAEVKFEGDTLVSRIELKGTGFKEDGPILGQKILFNPRDSTLKGREVAEAYKKARGQ,G4FP_r20_l1_cro_mod0_design_0045,,0.9246864026152072,0.6862867877269878,0.3117533570309442,0.8357142857142853,0.5,0.8712579224519231,0.4853355583391492,0.6926931180368867,26
9,G4FP_r20_l1_cro_mod0,25,25,0.8419999999999999,0.0081649658092772,0.7195999999999999,0.083240615086627,0.7799999999999998,0.0667707520800337,88.93075120724345,0.4167216181420122,98.64859047619048,0.0410834923046547,7.408761798952172,0.294727207171659,9.035139362490732,0.8251995113622004,0.8307999999999999,0.0027688746209726,0.8612000000000001,0.007257180352359,84.38693264587523,0.264641908349858,97.34333571428571,0.6745609602104633,7.593332622495536,0.1054157594270765,98.64859047619048,0.0410834923046547,97.34333571428571,0.6745609602104633,4.543818561368212,0.4936519489295587,1.305254761904763,0.6758108776721553,-0.184570823543364,0.3130121546885892,5.529046236868338,0.5817618216206626,0.0075069242009024,0.0037619219356459,5.529046236868338,6.080105903477237,0.07,0.004,0.0576,0.012419339757008,HPGHLKGREIGMWYAARNGGGGVKTDIHIRADPANRGINQEWTEKLPLEDGSTQLADVKEQNTPIGDGPVLLPDNHYLSTQSKLSKDPNEKRDHMVLLEFVTAAGITLGMDELYKGGTGGSMVSKGEELFTGVVPILVELDGDVNGHKFSVSGEGEGDATYGKLTLKFICTTGKLPVPWPTLVTTLVQCFSRYPDHMKQHDFFKSAMPEGYVQERTIFFKDDGNYKTRAEVKFEGDTLVKRIELKGTGFKEDGPILGQKLLFTKRPSTLKGREVAEYYKKKRGQ,G4FP_r20_l1_cro_mod0_design_0009,,0.9824346314744586,0.7276142767689414,0.18151299606739738,0.7857142857142849,0.5,0.8641832976169246,0.5154082353237885,0.6915758959751381,27
28,G4FP_r20_l1_cro_mod0,25,25,0.8432,0.0094516312525052,0.6951999999999999,0.0907432274791531,0.7636,0.07285144702292,88.89625671529174,0.4701791351099859,98.64263333333332,0.0433658264928432,7.400618762866386,0.3553098165898263,9.20215937731653,0.9231130153128208,0.8291999999999998,0.0039999999999999,0.8604,0.0093452305125841,84.46996888832999,0.3410871183547446,97.2406,0.7178489630002644,7.792966524499108,0.1753742627336444,98.64263333333332,0.0433658264928432,97.2406,0.7178489630002644,4.4262878269617545,0.5808690398018456,1.4020333333333213,0.7191576521097182,-0.3923477616327222,0.3962337666005578,6.427172321109574,1.2647451909423824,0.0066703687558286,0.0032853710759082,6.427172321109574,10.260666222679951,0.0756,0.0094148818367518,0.0624,0.0168,HPGHLKGREIGMWYAARNGGGGVRTDIHIEADPANRGINQHWTEELPLEDGSTLLADVQEQNTPIGDGPVLLPDNHYLSTQSKLSKDPNEKRDHMVLLEFVTAAGITLGMDELYKGGTGGSMVSKGEELFTGVVPILVELDGDVNGHKFSVSGEGEGDATYGKLTLKFICTTGKLPVPWPTLVTTLVQCFSRYPDHMKQHDFFKSAMPEGYVQERTIFFKDDGNYKTRAEVKFEGDTLVKRIELKGTGFKEDGPILGQKILFNKRPSTLKGREVAEYYKKKRGQ,G4FP_r20_l1_cro_mod0_design_0028,,0.9817902056547718,0.689417658108954,0.2538087738828368,0.7928571428571426,0.5,0.8112318211747295,0.5239510386629774,0.6915609964438137,28
40,G4FP_r20_l1_cro_mod0,25,25,0.8448,0.0091833182093039,0.7032,0.1093053826061034,0.77,0.0895358401237552,89.07079695674045,0.3325181409570119,98.58446666666669,0.0334283628048793,7.395849557232951,0.3495268629782656,8.969510748702742,1.1126896860517592,0.8440000000000001,0.0057735026918962,0.8647999999999999,0.0096263527187957,84.98546159456741,0.3609343875081946,97.32043333333333,0.5933666584157241,7.034162616544337,0.1635490850540939,98.58446666666669,0.0334283628048793,97.32043333333333,0.5933666584157241,4.085335362173041,0.4907565039318611,1.2640333333333444,0.5943075355060352,0.3616869406886147,0.3858980839100637,5.976044200075113,0.4744761957489057,0.0063855876936869,0.003938798681798,5.976044200075113,6.587242766240796,0.076,0.0089442719099991,0.0392,0.0207692079771954,HPGHLKGREIGMWYAARNGGGGVRRDIHIRADPANRGITQDWTDEYPLEDGSTLKADVKEQNTPIGDGPVLLPDNHYLSTQSKLSKDPNEKRDHMVLLEFVTAAGITLGMDELYKGGTGGSMVSKGEELFTGVVPILVELDGDVNGHKFSVSGEGEGDATYGKLTLKFICTTGKLPVPWPTLVTTLVQCFSRYPDHMKQHDFFKSAMPEGYVQERTIFFKDDGNYKTRAEVKFEGDTLVKRIELKGTGFKEDGPILGQKILFTPRPSTLKGREVAEYYKKKRGQ,G4FP_r20_l1_cro_mod0_design_0040,,0.9754979103810281,0.7019411396368189,0.21749465387578018,0.8023809523809524,0.5,0.865941188026383,0.5117695521685406,0.6912266404527179,29
27,G4FP_r20_l1_cro_mod0,25,25,0.848,0.0057735026918962,0.7060000000000001,0.0717635004720366,0.7752,0.0582466021898845,88.98326343058352,0.3097603686890701,98.74533333333336,0.0293872047706625,7.287818492740364,0.235198732911779,8.861630837657524,0.7251402779938073,0.8392000000000001,0.0049328828623162,0.87,0.01,85.44902907444668,0.3805275827738232,97.2612,0.6665001020220263,7.352718012299147,0.1926311730909657,98.74533333333336,0.0293872047706625,97.2612,0.6665001020220263,3.5342343561368352,0.4906655961671631,1.4841333333333608,0.6671476551705808,-0.0648995195587831,0.3040151522699287,5.182763279676664,0.8614085462383908,0.0080870904971964,0.004719854338176,5.182763279676664,6.458509342255957,0.0812,0.0095163018026962,0.064,0.0157480157480236,HPGHLKGREIGMWYAARNGGGGRRVDIHISADPANRGINQHWTEELPLEDGSTLKADVEEQNTPIGDGPVLLPDNHYLSTQSKLSKDPNEKRDHMVLLEFVTAAGITLGMDELYKGGTGGSMVSKGEELFTGVVPILVELDGDVNGHKFSVSGEGEGDATYGKLTLKFICTTGKLPVPWPTLVTTLVQCFSRYPDHMKQHDFFKSAMPEGYVQERTIFFKDDGNYKTRAEVKFEGDTLVSRIELKGTGFKEDGPILGQKILFTPRPSELKGRQVAEYYKKKRGQ,G4FP_r20_l1_cro_mod0_design_0027,,0.9928999831553005,0.7063243581715716,0.15363851811416793,0.8214285714285713,0.5,0.8659963801947146,0.5311981404107594,0.6909258747934026,30
97,G4FP_r20_l1_cro_mod0,25,25,0.8464000000000002,0.0075718777944003,0.7143999999999999,0.0956591170075632,0.7807999999999999,0.0762080485688136,89.13953372736418,0.416752080900827,98.18929761904764,0.0358133711469642,7.302961147599909,0.312851137670264,8.775490733876945,0.9362543153587164,0.8367999999999999,0.0047609522856952,0.8644,0.0086986589004666,84.56641405935613,0.1980856800449082,96.63230476190478,0.5170235192829081,7.50680762745487,0.0960883407236654,98.18929761904764,0.0358133711469642,96.63230476190478,0.5170235192829081,4.573119668008047,0.4614328050475207,1.556992857142859,0.518262401727729,-0.2038464798549606,0.3272748135200839,6.159879243658181,0.3917318084709766,0.008014757293142,0.0045464227908874,6.159879243658181,6.887661936692247,0.0776,0.0090686272390037,0.0576,0.0158189759466281,HPGHLKGREIGMWYAARNGGGGIKTDIHIYADPENRGIRQEWTEEYPLEDGSTLKADVKEQNTPIGDGPVLLPDNHYLSTQSKLSKDPNEKRDHMVLLEFVTAAGITLGMDELYKGGTGGSMVSKGEELFTGVVPILVELDGDVNGHKFSVSGEGEGDATYGKLTLKFICTTGKLPVPWPTLVTTLVQCFSRYPDHMKQHDFFKSAMPEGYVQERTIFFKDDGNYKTRAEVKFEGDTLVSRIELKGTGFKEDGPILGQKILFNPRPSTLKGRQVAEYYKKKRGQ,G4FP_r20_l1_cro_mod0_design_0097,,0.9327497098538453,0.7194740137758293,0.23229268468545353,0.8119047619047628,0.5,0.8837442715177352,0.5376295701591409,0.6907542399797949,31
0,G4FP_r20_l1_cro_mod0,25,25,0.8475999999999999,0.0116476034731041,0.7012,0.1228589977711577,0.7696000000000001,0.0990151503558924,89.55846345573441,0.417375965277054,98.55582619047618,0.0318304989255275,7.248089533705846,0.4028794693418908,8.882267605633803,1.2710928704010958,0.8395999999999999,0.002,0.8664000000000001,0.0086023252670426,84.64034718309858,0.3363184356086092,97.49536428571427,0.613735907437271,7.411944753025193,0.1354405496852997,98.55582619047618,0.0318304989255275,97.49536428571427,0.613735907437271,4.918116272635828,0.5360156588395295,1.060461904761894,0.6145607738374608,-0.1638552193193474,0.4250364799829065,5.960148807889743,0.6711171450126571,0.0077999670470102,0.0043310525707563,5.960148807889743,6.718160708856789,0.0784,0.0087999999999999,0.0564,0.0174080441175911,HPGHLKGREIGMWYAARNGGGGVRVDIHIEADPANRGIRQHWTRKYPLVDGSTQEADVEEQNTPIGDGPVLLPDNHYLSTQSKLSKDPNEKRDHMVLLEFVTAAGITLGMDELYKGGTGGSMVSKGEELFTGVVPILVELDGDVNGHKFSVSGEGEGDATYGKLTLKFICTTGKLPVPWPTLVTTLVQCFSRYPDHMKQHDFFKSAMPEGYVQERTIFFKDDGNYKTRAEVKFEGDTLVKRIELKGTGFKEDGPILGQKLLFTPRPSTLKGREVAEYYKKKRGQ,G4FP_r20_l1_cro_mod0_design_0000,,0.9723996696995719,0.6988102692548527,0.2162151344832512,0.8190476190476186,0.5,0.8384633273121757,0.49379996805407134,0.6897050625365491,32
14,G4FP_r20_l1_cro_mod0,25,25,0.8483999999999999,0.0068799224801834,0.7164,0.090778117774421,0.7828,0.0723141295552489,89.2919517857143,0.3244150306266004,98.19571190476192,0.0483076283883433,7.405334117570172,0.244518862569068,8.909619718309859,0.8071052083608028,0.8255999999999998,0.0050662280511902,0.8492000000000001,0.0135154232884755,83.68706441146882,0.2570643607560811,96.48295238095236,0.6615605144530272,7.950538682801032,0.1117145585918958,98.19571190476192,0.0483076283883433,96.48295238095236,0.6615605144530272,5.604887374245479,0.4139168970546995,1.7127595238095523,0.6633218986614721,-0.5452045652308595,0.268830089003171,5.576160363276873,1.1571583070792697,0.0082336146936453,0.0041114548389712,5.576160363276873,7.001085687964746,0.0803999999999999,0.0095833188405687,0.0472,0.0240865107477193,HPGHLKGREIGMWYAARNGGGGVKTDIHIEADPANRGIRQHWTEELPLEDGSTLKADVEEQNTPIGDGPVLLPDNHYLSTQSKLSKDPNEKRDHMVLLEFVTAAGITLGMDELYKGGTGGSMVSKGEELFTGVVPILVELDGDVNGHKFSVSGEGEGDATYGKLTLKFICTTGKLPVPWPTLVTTLVQCFSRYPDHMKQHDFFKSAMPEGYVQERTIFFKDDGNYKTRAEVKFEGDTLVSRIELKGTGFKEDGPILGQKILFTPRDSTLKGREVAEAYKKARGQ,G4FP_r20_l1_cro_mod0_design_0014,,0.9334435880146097,0.7226048841577957,0.18530550635583598,0.8238095238095234,0.5,0.9125922582775281,0.5513793494800401,0.6885779529557838,33
91,G4FP_r20_l1_cro_mod0,25,25,0.8467999999999999,0.0080208062770106,0.7203999999999999,0.0868657968746426,0.7847999999999999,0.069409413386562,89.31184114688129,0.2721888406543203,98.12173333333332,0.0658626297331801,7.305831846550992,0.2693781559818365,8.750447739065974,0.8203896128248213,0.8371999999999998,0.0054160256030906,0.8611999999999999,0.0097125348562223,84.48729431589538,0.4938858711708496,96.56443333333333,0.8200795227361232,7.433001834953383,0.219412625821782,98.12173333333332,0.0658626297331801,96.56443333333333,0.8200795227361232,4.824546830985909,0.5639237703084806,1.557299999999998,0.8227200675846418,-0.1271699884023904,0.3474283973571878,6.080344952180655,1.0478129483745855,0.0076129407661006,0.0038882508141568,6.080344952180655,9.12461531363958,0.0776,0.0081387959797503,0.0504,0.0194894843441277,HPGHLKGREIGMWYAARNGGGGVRTLIHIEADPENRGIRQHWRREYPLKDGSTLYADVEEQNTPIGDGPVLLPDNHYLSTQSKLSKDPNEKRDHMVLLEFVTAAGITLGMDELYKGGTGGSMVSKGEELFTGVVPILVELDGDVNGHKFSVSGEGEGDATYGKLTLKFICTTGKLPVPWPTLVTTLVQCFSRYPDHMKQHDFFKSAMPEGYVQERTIFFKDDGNYKTRAEVKFEGDTLVKRIKLEGTGFKEDGPILGQKILFTPRPSSLKGREVAEYYKKKRGQ,G4FP_r20_l1_cro_mod0_design_0091,,0.9254408083809355,0.7288666249217279,0.2258904728287237,0.8142857142857136,0.5,0.8215196790866433,0.5376566821632431,0.6875621044553258,34
83,G4FP_r20_l1_cro_mod0,25,25,0.8456,0.0076811457478686,0.7040000000000001,0.0851958527942137,0.7708000000000002,0.068794379615392,88.65275553319918,0.3915035978141636,98.52766666666666,0.033678765702726,7.423245651297802,0.2794885706647239,9.105958487768715,0.7811628288361593,0.84,0.0,0.8675999999999999,0.0087939373055152,85.05106365694166,0.2296468517843228,97.27883333333334,0.7674270459355301,7.3043228526086095,0.0931961294631516,98.52766666666666,0.033678765702726,97.27883333333334,0.7674270459355301,3.6016918762575187,0.4538862672915816,1.248833333333323,0.7681656918221441,0.1189227986891925,0.2946173444981182,5.623754088962248,0.6089537286097969,0.0084193016417093,0.0043762961077549,5.623754088962248,6.35177228923242,0.0772,0.0082559069762201,0.0544,0.0155125755437322,HPGHLKGREIGMWYAARNGGGGRRVDIHIEADPANRGINQHWTEKLPLEDGSTLEADVHQQNTPIGDGPVLLPDNHYLSTQSKLSKDPNEKRDHMVLLEFVTAAGITLGMDELYKGGTGGSMVSKGEELFTGVVPILVELDGDVNGHKFSVSGEGEGDATYGKLTLKFICTTGKLPVPWPTLVTTLVQCFSRYPDHMKQHDFFKSAMPEGYVQERTIFFKDDGNYKTRAEVKFEGDTLVKRIELKGTGFKEDGPILGQKILFTPRPSTLKGREVAEYYKKKRGQ,G4FP_r20_l1_cro_mod0_design_0083,,0.9693534570019625,0.7031934877896054,0.18913662258543057,0.8071428571428573,0.5,0.8883259459602924,0.5104278232213251,0.6875163466162161,35
23,G4FP_r20_l1_cro_mod0,25,25,0.8476,0.0072341781380702,0.7056,0.0952662934445686,0.7748,0.0766550715869472,89.49107095070421,0.3122944393248454,98.16543333333335,0.048600268632089,7.302253896676795,0.2723423467669191,8.899311341734618,0.8874652541668959,0.8331999999999999,0.00556776436283,0.8636,0.0103601801786133,84.03853822937626,0.4125502482737393,96.81105,0.8540366188263234,7.629032632414204,0.1503872567527352,98.16543333333335,0.048600268632089,96.81105,0.8540366188263234,5.452532721327955,0.5174219981639199,1.3543833333333597,0.8554183376614101,-0.3267787357374088,0.3111055782787025,6.351645184225042,0.5129742141702546,0.007864781331146,0.0044352266384068,6.351645184225042,7.56866638132662,0.0808,0.0074404300950953,0.062,0.0217255609824004,HPGHLKGREIGMWYAARNGGGGVRVDIHIEADPANRGIRQHWTRELPLEDGSTLKADVEQQNTPIGDGPVLLPDNHYLSTQSKLSKDPNEKRDHMVLLEFVTAAGITLGMDELYKGGTGGSMVSKGEELFTGVVPILVELDGDVNGHKFSVSGEGEGDATYGKLTLKFICTTGKLPVPWPTLVTTLVQCFSRYPDHMKQHDFFKSAMPEGYVQERTIFFKDDGNYKTRAEVKFEGDTLVKRIELKGTGFKEDGPILGQKILFNPRDSTLKGREVAEAYKKARGQ,G4FP_r20_l1_cro_mod0_design_0023,,0.9301681431109572,0.7056981840951783,0.24772912292619695,0.8190476190476192,0.5,0.849751960943403,0.5197448949567488,0.687457935892614,36
67,G4FP_r20_l1_cro_mod0,25,25,0.8483999999999999,0.0055377492419453,0.7108000000000001,0.0825085854118628,0.7800000000000001,0.066206746886804,89.14157809356136,0.2884649197966575,98.52886666666666,0.0418190999954935,7.177121894367655,0.220147346517543,8.911667160859896,0.7480333989098612,0.8395999999999999,0.002,0.8684000000000001,0.0085049005481153,85.2700286971831,0.3216129836118171,97.34849523809524,0.8244378228357392,7.221264233287046,0.1349216911313196,98.52886666666666,0.0418190999954935,97.34849523809524,0.8244378228357392,3.871549396378271,0.4320265283301328,1.1803714285714193,0.8254977655006503,-0.0441423389193911,0.2582028600082702,5.122565367108146,0.7305110197388943,0.0076461837978532,0.0040563025013544,5.122565367108146,6.868584370765711,0.0832,0.0092606695222321,0.058,0.016,HPGHLKGREIGMWYAARNGGGGERVDIHIEADPANRGIRQHWRRKLKLEDGSTLYADVHEQNTPIGDGPVLLPDNHYLSTQSKLSKDPNEKRDHMVLLEFVTAAGITLGMDELYKGGTGGSMVSKGEELFTGVVPILVELDGDVNGHKFSVSGEGEGDATYGKLTLKFICTTGKLPVPWPTLVTTLVQCFSRYPDHMKQHDFFKSAMPEGYVQERTIFFKDDGNYKTRAEVKFEGDTLVKRIKLEGTGFKEDGPILGQKILFTKRPSELKGREVAEYYKKKRGQ,G4FP_r20_l1_cro_mod0_design_0067,,0.9694832693972945,0.7138384470882905,0.14879281216222073,0.8238095238095234,0.5,0.9015974898867534,0.5043845785239288,0.687019882937692,37
82,G4FP_r20_l1_cro_mod0,25,25,0.8455999999999999,0.0082056890833941,0.6888000000000001,0.0994702635632043,0.7596,0.077485482511242,89.16259839034207,0.2938566739006176,98.46007380952382,0.031979483026716,7.358893790369136,0.3030499690118283,9.04518680504077,0.954067869516106,0.8295999999999998,0.0045460605656619,0.8588000000000001,0.0109239797387826,84.21556732897385,0.3623006137459307,96.92016190476193,0.5573347720841856,7.724885092243603,0.1860179189938395,98.46007380952382,0.031979483026716,96.92016190476193,0.5573347720841856,4.947031061368222,0.4664905996015482,1.539911904761908,0.558251498438461,-0.3659913018744669,0.3555867684614666,6.127913278575538,1.1628451394412849,0.0072874965295802,0.0036212268454716,6.127913278575538,10.15453779618058,0.0792,0.0093466571564383,0.0552,0.0200239856172541,HPGHLKGREIGMWYAARNGGGGRRVDIHITADPENRGINQSWTEELPLEDGSTQLADVFEQNTPIGDGPVLLPDNHYLSTQSKLSKDPNEKRDHMVLLEFVTAAGITLGMDELYKGGTGGSMVSKGEELFTGVVPILVELDGDVNGHKFSVSGEGEGDATYGKLTLKFICTTGKLPVPWPTLVTTLVQCFSRYPDHMKQHDFFKSAMPEGYVQERTIFFKDDGNYKTRAEVKFEGDTLVSRIELKGTGFKEDGPILGQKLLFTPRPSTLKGREVAEYYKKKRGQ,G4FP_r20_l1_cro_mod0_design_0082,,0.9620414647577397,0.6793988728866625,0.22971954451079393,0.8071428571428566,0.5,0.8806735695888068,0.5361218064581214,0.6867292134614945,38
6,G4FP_r20_l1_cro_mod0,25,25,0.846,0.0076376261582597,0.68,0.098488578017961,0.7520000000000002,0.0808290376865476,89.20438523641852,0.3686938508295054,98.6472642857143,0.0288067846411984,7.3606814146761215,0.3086527202596665,9.13912008895478,0.9864087169024578,0.8307999999999999,0.004,0.8640000000000001,0.0070710678118654,84.48575372233401,0.3375791425811386,97.2718,0.5732117572036244,7.705248561793295,0.1473433646905095,98.6472642857143,0.0288067846411984,97.2718,0.5732117572036244,4.718631514084507,0.4998948220829121,1.3754642857143011,0.5739351439298966,-0.3445671471171732,0.3420183750063911,6.087735352427104,0.7385475109719358,0.0071028652055438,0.0041414224747694,6.087735352427104,7.427208860616678,0.078,0.0079999999999999,0.0616,0.0143331782937351,HPGHLKGREIGMWYAARNGGGGVRTDIHIEADPANRGIRQHWTEKLPLEDGSTLEADVEEQNTPIGDGPVLLPDNHYLSTQSKLSKDPNEKRDHMVLLEFVTAAGITLGMDELYKGGTGGSMVSKGEELFTGVVPILVELDGDVNGHKFSVSGEGEGDATYGKLTLKFICTTGKLPVPWPTLVTTLVQCFSRYPDHMKQHDFFKSAMPEGYVQERTIFFKDDGNYKTRAEVKFEGDTLVSRIELKGTGFKEDGPILGQKILFNPRPSTLKGREVAEYYKKKRGQ,G4FP_r20_l1_cro_mod0_design_0006,,0.9822911681724757,0.6656230432060112,0.22648537230170337,0.8095238095238094,0.5,0.8603931075589294,0.5216057452228238,0.6864798727575364,39
65,G4FP_r20_l1_cro_mod0,25,25,0.8464,0.0075718777944003,0.7068000000000001,0.087688843836222,0.7716000000000001,0.0706918194229949,88.83518714788734,0.3707514786540102,98.37483333333334,0.0335405883194489,7.405004738097573,0.3026772064082983,8.9069214232765,0.8730242707089946,0.83,0.0028867513459481,0.8528,0.0106144555520604,84.30735890342054,0.4453427621242306,97.06265000000002,0.60623215991315,7.72963474509026,0.1618350586626723,98.37483333333334,0.0335405883194489,97.06265000000002,0.60623215991315,4.527828244466804,0.5794711681357184,1.3121833333333228,0.6071592894601695,-0.3246300069926873,0.3432259860375992,6.007912996704899,0.7844599229897443,0.0078363969908413,0.0046534842890601,6.007912996704899,7.426561204528052,0.072,0.0074833147735478,0.046,0.0169705627484771,HPGHLKGREIGMWYAARNGGGGVRTDIHIEADPENRGIRQHWTEELPLEDGSTQKADVEQQNTPIGDGPVLLPDNHYLSTQSKLSKDPNEKRDHMVLLEFVTAAGITLGMDELYKGGTGGSMVSKGEELFTGVVPILVELDGDVNGHKFSVSGEGEGDATYGKLTLKFICTTGKLPVPWPTLVTTLVQCFSRYPDHMKQHDFFKSAMPEGYVQERTIFFKDDGNYKTRAEVKFEGDTLVSRIELKGTGFKEDGPILGQKLLFNPRPSTLKGRQVAEYYKKKRGQ,G4FP_r20_l1_cro_mod0_design_0065,,0.9528204060964452,0.7075767063243581,0.22005997235479854,0.8119047619047621,0.5,0.8120805008068732,0.5160198316954027,0.6862990048692488,40
4,G4FP_r20_l1_cro_mod0,25,25,0.8395999999999999,0.0067577116442377,0.6976,0.0840773453434395,0.7644000000000001,0.0683178844325066,88.51014856639839,0.3767048097819525,98.57460238095236,0.0479258122495687,7.48610772364365,0.2790345022089253,9.178631578947368,0.8020153746223458,0.8307999999999999,0.0027688746209726,0.8668,0.0085244745683629,84.910164361167,0.2109880101916176,97.17832142857144,0.7586113326997739,7.677707548105534,0.0823986657324424,98.57460238095236,0.0479258122495687,97.17832142857144,0.7586113326997739,3.5999842052313795,0.4317666663343467,1.39628095238092,0.7601236988676962,-0.1915998244618837,0.2909463757077403,5.876398926828083,2.078578222189755,0.0070982113087486,0.0035089244301506,5.876398926828083,9.807360228039553,0.0732,0.0061449165982948,0.0712,0.0177358394219162,HPGHLKGREIGMWYAARNGGGGRRTDIHISADPANRGINQEWTEELPLEDGSTQLADVKEQNTPIGDGPVLLPDNHYLSTQSKLSKDPNEKRDHMVLLEFVTAAGITLGMDELYKGGTGGSMVSKGEELFTGVVPILVELDGDVNGHKFSVSGEGEGDATYGKLTLKFICTTGKLPVPWPTLVTTLVQCFSRYPDHMKQHDFFKSAMPEGYVQERTIFFKDDGNYKTRAEVKFEGDTLVKRIELKGTGFKEDGPILGQKLLFTPRPSTLKGREVAEYYKKKRGQ,G4FP_r20_l1_cro_mod0_design_0004,,0.9744308215836786,0.6931747025673135,0.2094735834922024,0.7714285714285709,0.5,0.9017552580054842,0.5234432665551328,0.6852966305038948,41
75,G4FP_r20_l1_cro_mod0,25,25,0.8483999999999999,0.0089814623902049,0.6892,0.0879829528942965,0.7572,0.0712694417919302,89.32974489436621,0.4030570475374447,98.48685000000002,0.0368273153706239,7.190029387097126,0.3215515023924144,8.962115641215716,0.9052403753266028,0.8392000000000001,0.0027688746209726,0.8628,0.0106144555520604,85.04341131790744,0.331291399749536,96.99385000000002,0.6654730229909421,7.393129587383455,0.1376505220556826,98.48685000000002,0.0368273153706239,96.99385000000002,0.6654730229909421,4.286333576458773,0.5217364996984674,1.492999999999995,0.6664912568714689,-0.2031002002863289,0.3497756922843851,5.83262934065483,0.6660920112072973,0.0078627675975537,0.0046906178348416,5.83262934065483,7.130122175026501,0.0728,0.0060133185513491,0.0492,0.0207692079771954,HPGHLKGREIGMWYAARNGGGGRRVDIHISADPANRGIRQHWREEYPLEDGSTLYADVEEQNTPIGDGPVLLPDNHYLSTQSKLSKDPNEKRDHMVLLEFVTAAGITLGMDELYKGGTGGSMVSKGEELFTGVVPILVELDGDVNGHKFSVSGEGEGDATYGKLTLKFICTTGKLPVPWPTLVTTLVQCFSRYPDHMKQHDFFKSAMPEGYVQERTIFFKDDGNYKTRAEVKFEGDTLVKRIELKGTGFKEDGPILGQKILFNPRPSELKGREVAEYYKKKRGQ,G4FP_r20_l1_cro_mod0_design_0075,,0.9649380326107311,0.6800250469630555,0.20595029613580798,0.8238095238095234,0.5,0.8471325290857074,0.5319808156299645,0.6846604101210301,42
90,G4FP_r20_l1_cro_mod0,25,25,0.8492000000000001,0.0090921211313239,0.7316000000000001,0.0959461654609847,0.7931999999999999,0.0771211168660482,89.13974247987927,0.3656910698936798,98.21759047619048,0.0658501812772312,7.274190591336362,0.3185658019314499,8.691029651593773,0.915781381424336,0.8383999999999999,0.0037416573867739,0.8695999999999999,0.0088881944173155,85.41811043762574,0.3253317674361247,96.7753738095238,0.582365065490279,7.457462110692322,0.1044818921298583,98.21759047619048,0.0658501812772312,96.7753738095238,0.582365065490279,3.721632042253532,0.4894596178471693,1.4422166666666527,0.5860762031321023,-0.1832715193559604,0.3352620407133249,4.922010183903951,0.9649235932042952,0.0072102761212968,0.0044763768501986,4.922010183903951,6.287962936547385,0.078,0.0074833147735478,0.0664,0.0159699718221417,HPGHLKGREIGMWYAARNGGGGRRTLIHIEADPENRGIRQHWTEELPLEDGSTLKADVLEQNTPIGDGPVLLPDNHYLSTQSKLSKDPNEKRDHMVLLEFVTAAGITLGMDELYKGGTGGSMVSKGEELFTGVVPILVELDGDVNGHKFSVSGEGEGDATYGKLTLKFICTTGKLPVPWPTLVTTLVQCFSRYPDHMKQHDFFKSAMPEGYVQERTIFFKDDGNYKTRAEVKFEGDTLVSRIELKGTGFKEDGPILGQKILFTPRPSTLKGREVAEYYKKKRGQ,G4FP_r20_l1_cro_mod0_design_0090,,0.9358103461509351,0.7463994990607389,0.13264887288790972,0.828571428571429,0.5,0.8667285570188014,0.527498087447771,0.6844468387451479,43
25,G4FP_r20_l1_cro_mod0,25,25,0.8499999999999999,0.0086602540378443,0.7060000000000001,0.0980646045557043,0.7683999999999999,0.0763042156983041,89.42511426056339,0.5083674419377562,98.63770476190476,0.0428248303287609,7.083956300580553,0.3515184035338101,8.94020385470719,0.9369245756792948,0.8392000000000001,0.0027688746209726,0.8584,0.0102794292967395,84.5833189134809,0.2714679941020119,97.17116666666666,0.7187150935113723,7.330418865304503,0.1147083669418697,98.63770476190476,0.0428248303287609,97.17116666666666,0.7187150935113723,4.841795347082496,0.5763092293587774,1.466538095238107,0.7199898275210198,-0.2464625647239504,0.3697610004711547,4.956316250407068,0.9803996077856176,0.00760138920118,0.0040406993179595,4.956316250407068,6.442917109011505,0.0656,0.0132905981806689,0.0388,0.0200638979263751,HPGHLKGREIGMWYAARNGGGGRRVDIHIYADPANRGIRQEWTEKLPLEDGSTLEADVKQQNTPIGDGPVLLPDNHYLSTQSKLSKDPNEKRDHMVLLEFVTAAGITLGMDELYKGGTGGSMVSKGEELFTGVVPILVELDGDVNGHKFSVSGEGEGDATYGKLTLKFICTTGKLPVPWPTLVTTLVQCFSRYPDHMKQHDFFKSAMPEGYVQERTIFFKDDGNYKTRAEVKFEGDTLVKRIELKGTGFKEDGPILGQKILFNPRPSELKGREVAEWYKKARGQ,G4FP_r20_l1_cro_mod0_design_0025,,0.9812570476025149,0.7063243581715716,0.1354103824411328,0.8333333333333326,0.5,0.8140001856413975,0.5296449798656596,0.6843891670850443,44
31,G4FP_r20_l1_cro_mod0,25,25,0.8416,0.0089814623902049,0.6736,0.0876489208908662,0.7475999999999999,0.0713138602704037,89.14809751006038,0.4473552414678826,98.75225,0.0253502661794773,7.416150268492195,0.3451930025798777,9.239721275018532,0.9482380176566756,0.8327999999999999,0.0045825756949558,0.8576,0.012,84.72015772132796,0.2940418703235254,97.51263333333334,0.7084412164576005,7.529681114858163,0.1490432866114913,98.75225,0.0253502661794773,97.51263333333334,0.7084412164576005,4.427939788732417,0.535338522406285,1.239616666666663,0.7088946276925049,-0.1135308463659683,0.3759948275097233,6.076360782627525,0.5118036998039358,0.0077727026674067,0.0043077567304551,6.076360782627525,6.754263127234371,0.0828,0.0100079968025574,0.0492,0.0226132704401641,HPGHLKGREIGMWYAARNGGGGVKVDIHIEADPANRGINQHWTEKYPLEDGSTLTADVHQQNTPIGDGPVLLPDNHYLSTQSKLSKDPNEKRDHMVLLEFVTAAGITLGMDELYKGGTGGSMVSKGEELFTGVVPILVELDGDVNGHKFSVSGEGEGDATYGKLTLKFICTTGKLPVPWPTLVTTLVQCFSRYPDHMKQHDFFKSAMPEGYVQERTIFFKDDGNYKTRAEVKFEGDTLVKRIELKGTGFKEDGPILGQKILFNPRPSDLKGREVAEYYKKKRGQ,G4FP_r20_l1_cro_mod0_design_0031,,0.9936482073783937,0.6556042579837192,0.22556976213804655,0.7833333333333334,0.5,0.8388744322175846,0.5096142529276754,0.6810730149184983,45
18,G4FP_r20_l1_cro_mod0,25,25,0.8456,0.0091651513899116,0.7008000000000001,0.1107895903654009,0.7636,0.0923706302529831,89.47662107645876,0.4758161046276861,98.71075476190477,0.0229071867632068,7.392608001394199,0.3953781191103136,9.041858413639734,1.1900605555339598,0.8279999999999998,0.0057735026918962,0.8588,0.0083266639978645,84.31310492957746,0.6208824477721511,97.22825952380953,0.6059868259868045,7.868445844078554,0.2696248254030977,98.71075476190477,0.0229071867632068,97.22825952380953,0.6059868259868045,5.1635161468812925,0.782237802317558,1.4824952380952254,0.6064196339787871,-0.4758378426843554,0.4785618074448276,5.186069087525836,2.3232552993149898,0.0079686655318047,0.0042052602753348,5.186069087525836,10.719026722505127,0.0688,0.0086348132579691,0.0612,0.0214140141029186,HPGHLKGREIGMWYAARNGGGGVKTDIHISADPANRGINQHWTEEYKLEDGSTLLADVEEQNTPIGDGPVLLPDNHYLSTQSKLSKDPNEKRDHMVLLEFVTAAGITLGMDELYKGGTGGSMVSKGEELFTGVVPILVELDGDVNGHKFSVSGEGEGDATYGKLTLKFICTTGKLPVPWPTLVTTLVQCFSRYPDHMKQHDFFKSAMPEGYVQERTIFFKDDGNYKTRAEVKFEGDTLVSRIELKGTGFKEDGPILGQKILFNKTDSTLKGREVAEYYKKKRGQ,G4FP_r20_l1_cro_mod0_design_0018,,0.9891593771683707,0.6981840951784596,0.1539046232345489,0.8071428571428573,0.5,0.6889762726589188,0.5310535430555424,0.6769944809290416,46
38,G4FP_r20_l1_cro_mod0,25,25,0.8443999999999999,0.0086986589004666,0.6944,0.0894930164873215,0.7656000000000001,0.0751154666718734,89.27045608651912,0.403578370872734,98.7275976190476,0.0355339522907369,7.311460837172826,0.3361534091736359,9.048798369162345,0.9549406456996344,0.8375999999999999,0.0043588989435406,0.8684000000000001,0.0068799224801834,85.3031597585513,0.2873788203187427,97.45160238095237,0.977618465017147,7.453145853997222,0.0980472849091159,98.7275976190476,0.0355339522907369,97.45160238095237,0.977618465017147,3.967296327967816,0.4954413061141372,1.2759952380952484,0.9782640363970676,-0.1416850168243968,0.3501605125897369,4.755239461261947,0.8115889773697323,0.007186845073548,0.004029107171599,4.755239461261947,7.424875309568786,0.0803999999999999,0.0091564185138076,0.064,0.0113137084989847,HPGHLKGREIGMWYAARNGGGGEKVDIHISADPANRGINQSWTRELKLEDGSTLKADVQQQNTPIGDGPVLLPDNHYLSTQSKLSKDPNEKRDHMVLLEFVTAAGITLGMDELYKGGTGGSMVSKGEELFTGVVPILVELDGDVNGHKFSVSGEGEGDATYGKLTLKFICTTGKLPVPWPTLVTTLVQCFSRYPDHMKQHDFFKSAMPEGYVQERTIFFKDDGNYKTRAEVKFEGDTLVKRIELKGTGFKEDGPILGQKILFTKTPSTLKGREVAEYYKKKRGQ,G4FP_r20_l1_cro_mod0_design_0038,,0.9909813868599967,0.6881653099561676,0.11922445584691871,0.7999999999999996,0.5,0.8630969382364607,0.5128254491345181,0.6764664619496278,47
73,G4FP_r20_l1_cro_mod0,25,25,0.8475999999999999,0.0092556289179432,0.6832,0.1037513052126735,0.7528000000000001,0.085660181336877,89.32876624748491,0.3933111213832728,98.6269,0.030912080372615,7.226579921358471,0.3643486363560172,9.007731653076354,1.1388297354560089,0.8251999999999998,0.0050990195135927,0.852,0.0091287092917527,83.56905256539235,0.28080730711815,97.22216666666664,0.7744312802762893,7.908925362031343,0.1105890231333273,98.6269,0.030912080372615,97.22216666666664,0.7744312802762893,5.759713682092553,0.4832663674773101,1.4047333333333398,0.7750479756655942,-0.6823454406728722,0.380762210378174,4.926401825034535,0.6158428982048629,0.0074871889544305,0.0053795798679555,4.926401825034535,6.1850075315594575,0.0712,0.00652380257212,0.0508,0.0185299757150407,HPGHLKGREIGMWYAARNGGGGVRTDIHIRADPANRGITQEWTDEYKLEDGSTLKADWKEQNTPIGDGPVLLPDNHYLSTQSKLSKDPNEKRDHMVLLEFVTAAGITLGMDELYKGGTGGSMVSKGEELFTGVVPILVELDGDVNGHKFSVSGEGEGDATYGKLTLKFICTTGKLPVPWPTLVTTLVQCFSRYPDHMKQHDFFKSAMPEGYVQERTIFFKDDGNYKTRAEVKFEGDTLVKRIELKGTGFKEDGPILGQKILFNPRPSELKGREVAEYYKKKRGQ,G4FP_r20_l1_cro_mod0_design_0073,,0.9800882209159723,0.670632435817157,0.1330023835107418,0.8190476190476186,0.5,0.8704886199580757,0.524189372094392,0.6752215641696598,48
81,G4FP_r20_l1_cro_mod0,25,25,0.8407999999999999,0.0081240384046359,0.6716,0.0830501856309384,0.7412000000000001,0.0639218272579875,88.79327942655937,0.4144768369426821,98.67312857142856,0.0333984583834674,7.483854872615974,0.2838337316422513,9.554223128243144,0.7919525557599023,0.8636,0.0048989794855663,0.878,0.0070710678118654,86.95411675050302,0.3278142024824949,97.21923809523808,0.7906175022574121,6.081386728823648,0.1229579259478166,98.67312857142856,0.0333984583834674,97.21923809523808,0.7906175022574121,1.8391626760563469,0.5284441311162845,1.4538904761904805,0.7913226218794337,1.4024681437923263,0.3093222248260772,5.755478282427088,0.8070724116482522,0.0071533919256615,0.0040275986989962,5.755478282427088,6.626655270994414,0.068,0.0093808315196468,0.0272,0.0128124939024375,HPGHLKGREIGMWYAARNGGGGRKTLINISADPANRGINQNWTEELPLEDGSTLKADVKQQNTPIGDGPVLLPDNHYLSTQSKLSKDPNEKRDHMVLLEFVTAAGITLGMDELYKGGTGGSMVSKGEELFTGVVPILVELDGDVNGHKFSVSGEGEGDATYGKLTLKFICTTGKLPVPWPTLVTTLVQCFSRYPDHMKQHDFFKSAMPEGYVQERTIFFKDDGNYKTRAEVKFEGDTLVKRIELKGTGFKEDGPILGQKILFNPVPSTLKGREVAEYYKKKRGQ,G4FP_r20_l1_cro_mod0_design_0081,,0.9850890889075824,0.6524733876017531,0.1997399256079649,0.7785714285714279,0.5,0.8430601737313702,0.5285285537742431,0.6747167586295236,49
98,G4FP_r20_l1_cro_mod0,25,25,0.8432,0.0085244745683629,0.7119999999999999,0.089489291724392,0.7796000000000001,0.0713839384362243,89.09683025653923,0.3141790845670427,98.11915952380954,0.0501418154889212,7.381224716531059,0.2717700315483759,8.947589325426241,0.8510123407798575,0.8388,0.0033166247903554,0.8640000000000001,0.0086602540378443,84.81470349597586,0.3588969067045303,96.75678333333332,0.3912774466102196,7.338043989287839,0.1604925223929371,98.11915952380954,0.0501418154889212,96.75678333333332,0.3912774466102196,4.282126760563372,0.476985835032305,1.362376190476212,0.3944771753680284,0.0431807272432198,0.3156212917276853,5.376334801836727,0.4534332466612422,0.0081680556146093,0.0050801426087449,5.376334801836727,6.233545722797729,0.0828,0.0091738759529437,0.0508,0.0164730082255792,HPGHLKGREIGMWYAARNGGGGRRVDRHIRADPANRGITVEYTEEFPLEDGSTLKADVKEQNTPIGDGPVLLPDNHYLSTQSKLSKDPNEKRDHMVLLEFVTAAGITLGMDELYKGGTGGSMVSKGEELFTGVVPILVELDGDVNGHKFSVSGEGEGDATYGKLTLKFICTTGKLPVPWPTLVTTLVQCFSRYPDHMKQHDFFKSAMPEGYVQERTIFFKDDGNYKTRAEVKFEGDTLVSRIELKGTGFKEDGPILGQKLLFTPRPSELKGREVAEYYKKARGQ,G4FP_r20_l1_cro_mod0_design_0098,,0.9251623813980928,0.7157169693174699,0.1692202988942053,0.7928571428571426,0.5,0.8743016738272206,0.5204504375751375,0.6742690595117108,50
