seq_id,template,global_rmsd,global_rmsd_sd,chromophore_rmsd,chromophore_rmsd_sd
0,G4FP_des1_cro_mod0,12.544743905347065,0.9601624844699747,0.054324305237013155,0.04411669013139031
1,G4FP_des1_cro_mod0,7.5254021132171545,2.0560175812935744,0.17992348237915132,0.08765207314909729
2,G4FP_des1_cro_mod0,8.01491685427887,2.3373373698573547,0.22971560897935028,0.10258838058989116
3,G4FP_des1_cro_mod0,7.552184391547574,1.957817289809437,0.2093494900171732,0.09257721723641069
4,G4FP_des1_cro_mod0,6.250685655412979,0.6875734026720922,0.15326209994052398,0.08475006117506853
5,G4FP_des1_cro_mod0,8.270726852003401,2.359168639693013,0.155626993219081,0.11928449705076422
6,G4FP_des1_cro_mod0,10.5542619478885,1.1826754142314735,0.1774091442043878,0.10569630314188823
7,G4FP_des1_cro_mod0,7.415537536315675,1.4890079417094166,0.14146143856842558,0.08630505310834055
8,G4FP_des1_cro_mod0,7.317329883081523,2.0721192560392767,0.21617058518468227,0.08357591011408814
9,G4FP_des1_cro_mod0,9.751252268384798,4.682181380999799,0.16721788211033992,0.16375832259051445
10,G4FP_des1_cro_mod0,6.242545266975103,1.2218714687275876,0.18293457459599424,0.12952032153548268
11,G4FP_des1_cro_mod0,6.141313129924949,1.8608681077790783,0.1785252220602634,0.07457302343142776
12,G4FP_des1_cro_mod0,7.40549980442993,1.4935579472923548,0.17676865495730265,0.07741260549918323
13,G4FP_des1_cro_mod0,7.825321955477131,2.194847979127193,0.21606592042071196,0.11563074299304234
14,G4FP_des1_cro_mod0,6.5495003042468465,1.990902892954293,0.23705766642674278,0.12267004180918187
15,G4FP_des1_cro_mod0,7.215626313033595,1.414776862851312,0.20412297063501328,0.09428511303142587
16,G4FP_des1_cro_mod0,8.131367154658035,2.2297916507819813,0.18740755958109032,0.07042496882729356
17,G4FP_des1_cro_mod0,7.352642363908266,2.1014805824177367,0.18462680066339465,0.11049213503828545
18,G4FP_des1_cro_mod0,9.406520191676945,2.055172415014841,0.21844855402640706,0.12774507957460227
19,G4FP_des1_cro_mod0,10.988311240294923,1.3975110712275833,0.16804917491499174,0.07659790813630878
20,G4FP_des1_cro_mod0,7.49622807369129,2.0199650197111514,0.19722231849210517,0.08638462383824351
21,G4FP_des1_cro_mod0,8.471472902128244,3.0957211743257855,0.1626916292415013,0.09022866771042638
22,G4FP_des1_cro_mod0,9.04526329154608,2.118476771738492,0.19891481565218153,0.09162417389270695
23,G4FP_des1_cro_mod0,5.8965178941502145,1.7721539909233768,0.18740734090526778,0.08552914730348106
24,G4FP_des1_cro_mod0,7.513101717617864,2.4746591172626604,0.20650176954320884,0.15207363853763062
25,G4FP_des1_cro_mod0,7.898406727886917,2.5949914135534886,0.18419275287307285,0.10678887086086865
26,G4FP_des1_cro_mod0,6.9194842746066865,1.836319861656824,0.2128388614700165,0.08609271901440663
27,G4FP_des1_cro_mod0,7.777164596191056,2.086486770662893,0.2262497745468529,0.09492089377728276
28,G4FP_des1_cro_mod0,6.320240953013586,1.4266937228487222,0.20981946149980898,0.12773200510622093
29,G4FP_des1_cro_mod0,6.008975193748604,1.0034693640720243,0.21037107753141332,0.1173205964940513
30,G4FP_des1_cro_mod0,7.810942363302834,1.168106756284458,0.18724332471547497,0.0857081615301814
31,G4FP_des1_cro_mod0,6.918464646655501,2.4994432097295896,0.2413395110697036,0.10433607539672062
32,G4FP_des1_cro_mod0,6.91129611953432,2.460702348065289,0.1806454499314828,0.07212529794269926
33,G4FP_des1_cro_mod0,11.41038281258282,2.039673680534312,0.20431630985216112,0.11210302343020706
34,G4FP_des1_cro_mod0,11.421728270756958,1.479857214736157,0.22535945839146926,0.12316816759986475
35,G4FP_des1_cro_mod0,7.570001786181138,2.4776521363291333,0.21966640346690167,0.09603826462417372
36,G4FP_des1_cro_mod0,9.26095346445466,1.98942875647937,0.21356357504382845,0.08925129933395508
37,G4FP_des1_cro_mod0,6.800853350448242,1.2802196803554033,0.22494691093539776,0.08987340180984367
38,G4FP_des1_cro_mod0,9.796970494580714,2.0574162951270796,0.1902338077571193,0.09184002144410744
39,G4FP_des1_cro_mod0,7.522477042764778,1.6226115002895305,0.17658584435898328,0.07933497000899523
40,G4FP_des1_cro_mod0,8.861697075518771,1.4986287540649756,0.1810307545614246,0.08224612836700364
41,G4FP_des1_cro_mod0,8.984636551885503,1.548895573657273,0.2126482407092177,0.104767448971228
42,G4FP_des1_cro_mod0,7.247122821151464,1.8399988320903606,0.17949719538293357,0.09623689325063293
43,G4FP_des1_cro_mod0,9.015092083039043,1.7585041694771024,0.21366935277988802,0.08224608775506285
44,G4FP_des1_cro_mod0,11.112313807465355,2.3483077116091513,0.25089209511392546,0.10052696525121298
45,G4FP_des1_cro_mod0,8.162114939329944,1.4407510405423731,0.2068009192020003,0.09952575888879708
46,G4FP_des1_cro_mod0,8.175012261748487,2.8268921245106213,0.15652651987924904,0.09298446631124373
47,G4FP_des1_cro_mod0,6.215168151055755,1.1627647979207822,0.1840992795338737,0.06878372007652708
48,G4FP_des1_cro_mod0,6.608299489345933,2.3199411596799724,0.21215108771147256,0.12624001262380327
49,G4FP_des1_cro_mod0,7.239890405765628,2.704037184577343,0.1697198765575717,0.07666909691341557
50,G4FP_des1_cro_mod0,10.642040955536554,1.0431647504307606,0.1363665221464486,0.07375723624441206
51,G4FP_des1_cro_mod0,6.82318963683377,1.4716213041582569,0.2374964584080325,0.11498899031325772
52,G4FP_des1_cro_mod0,6.8185891361231254,1.3229780880205233,0.20225185033586285,0.10544118997327113
53,G4FP_des1_cro_mod0,11.696122141031381,1.7495694318304036,0.23732538257313215,0.12154697416717575
54,G4FP_des1_cro_mod0,7.927364192541315,1.9143710147501223,0.18122162512109583,0.08516039306877751
55,G4FP_des1_cro_mod0,6.664354129867095,1.4947216390854932,0.1800606229551173,0.09635189873606936
56,G4FP_des1_cro_mod0,9.333885012079316,2.201503002150407,0.17285988604122043,0.10797515677392788
57,G4FP_des1_cro_mod0,5.789370021578259,1.2118385723819856,0.2132570029508036,0.08774780515233886
58,G4FP_des1_cro_mod0,10.242252797797203,1.699554572979098,0.21941554863430704,0.10765796369064896
59,G4FP_des1_cro_mod0,7.48356654014119,2.5259196377352557,0.18574055303341208,0.09267856087655721
60,G4FP_des1_cro_mod0,6.439283698657952,1.331854039070913,0.2133311845265333,0.0908576989963071
61,G4FP_des1_cro_mod0,7.4874299635151,1.908800965083401,0.1685785781691782,0.08691127411665993
62,G4FP_des1_cro_mod0,7.670592139157485,1.7622607272221982,0.1623447386650267,0.09303810651953912
63,G4FP_des1_cro_mod0,6.300001050749688,1.5192478945314132,0.22698914343738738,0.1273906686808078
64,G4FP_des1_cro_mod0,7.395852251784061,2.4661517775688995,0.1774494996685953,0.09341193369196604
65,G4FP_des1_cro_mod0,10.020596523375207,0.7695518586322737,0.1693783434119201,0.1238305967018585
66,G4FP_des1_cro_mod0,11.063730980788502,1.4678255322261444,0.22061419176382224,0.10693446925265836
67,G4FP_des1_cro_mod0,7.148919884424775,1.950846493811633,0.1905235031140594,0.09368251374748753
68,G4FP_des1_cro_mod0,8.01664055988967,1.284124212953277,0.143298685141319,0.07090725516596047
69,G4FP_des1_cro_mod0,8.695324447578487,1.1708297578316706,0.19022942751960936,0.0941608007956972
70,G4FP_des1_cro_mod0,11.535201959988594,1.4703006558973453,0.1832974068630719,0.10422104290773895
71,G4FP_des1_cro_mod0,7.071221869457065,1.629337774669551,0.24204197915158218,0.12601570053681854
72,G4FP_des1_cro_mod0,8.952265471047566,1.657686214870578,0.20924651878707792,0.0795121288914533
73,G4FP_des1_cro_mod0,7.760862434409165,1.9345495271442301,0.17374032148119428,0.0828652779063461
74,G4FP_des1_cro_mod0,11.836793429680448,0.8848563746315949,0.22776291651149688,0.12172809831925877
75,G4FP_des1_cro_mod0,9.026441169248336,1.8410939897159573,0.22366147511476867,0.0944185943414138
76,G4FP_des1_cro_mod0,9.322946074256794,1.2147761286192584,0.1514971315197632,0.05909157236453207
77,G4FP_des1_cro_mod0,11.14756696775313,1.877322166389466,0.2312420684875275,0.14691646278577736
78,G4FP_des1_cro_mod0,9.010191235814947,1.8849738933273064,0.18531748927993985,0.08851128103306038
79,G4FP_des1_cro_mod0,6.4329504446334305,1.905489253968559,0.21392870804842634,0.13150758885147068
80,G4FP_des1_cro_mod0,9.089516688852258,1.9206848484346493,0.1566578350717059,0.08291194029307587
81,G4FP_des1_cro_mod0,6.078397863095847,1.9840176776692813,0.16325541646436567,0.07690074720400826
82,G4FP_des1_cro_mod0,10.266511989364325,2.201802302862605,0.24985279957998496,0.1381207469405462
83,G4FP_des1_cro_mod0,7.9176158909128365,2.2941006005779965,0.21691379961527105,0.08225860295744113
84,G4FP_des1_cro_mod0,6.535039430599196,0.9841803284158323,0.17242700899196495,0.08658474114897724
85,G4FP_des1_cro_mod0,6.578998408471921,1.4059506971709632,0.1577050833798628,0.08640710647005839
86,G4FP_des1_cro_mod0,11.122687255553648,1.7382123021896443,0.19903621633050214,0.10644930872708357
87,G4FP_des1_cro_mod0,9.570949079916064,3.066962735641383,0.19491135571631027,0.11548741715304005
88,G4FP_des1_cro_mod0,7.2328251208923415,1.3649801266928552,0.16171491591498857,0.09214228750672228
89,G4FP_des1_cro_mod0,7.510676078040743,2.556372904439713,0.22856155935493458,0.10239432945349752
90,G4FP_des1_cro_mod0,7.512184937389166,2.0259951499357105,0.17045616305354513,0.07251695058355755
91,G4FP_des1_cro_mod0,11.113287117119942,2.4669098614379723,0.20278107285038324,0.14320037848806183
92,G4FP_des1_cro_mod0,10.618788074553173,2.7659790721289306,0.10978150445269934,0.08041368046347973
93,G4FP_des1_cro_mod0,10.622807408777469,2.4374867774435125,0.1556808325888769,0.11761588456982591
94,G4FP_des1_cro_mod0,10.498802747746367,4.845135778282192,0.13681065659693958,0.11853638758976098
95,G4FP_des1_cro_mod0,11.707950078565581,2.569124588021002,0.11632870766335326,0.10921349793010059
96,G4FP_des1_cro_mod0,10.884884534340932,4.248563701808126,0.09216505251674771,0.07832619924530376
97,G4FP_des1_cro_mod0,11.964318797220018,4.65888886873614,0.1397690437043061,0.1435515153010314
98,G4FP_des1_cro_mod0,10.269243361961168,4.707866370072169,0.14123459631030463,0.08617024231142699
99,G4FP_des1_cro_mod0,10.603103244999438,4.040600230119983,0.11817423093310801,0.11056872013606445
