seq_id,template,n_holo_seeds,n_apo_seeds,holo_ptm,holo_ptm_sd,holo_iptm,holo_iptm_sd,holo_ranking_score,holo_ranking_score_sd,holo_mean_plddt,holo_mean_plddt_sd,holo_chromophore_plddt,holo_chromophore_plddt_sd,holo_mean_pae,holo_mean_pae_sd,holo_interface_pae,holo_interface_pae_sd,apo_ptm,apo_ptm_sd,apo_ranking_score,apo_ranking_score_sd,apo_mean_plddt,apo_mean_plddt_sd,apo_chromophore_plddt,apo_chromophore_plddt_sd,apo_mean_pae,apo_mean_pae_sd,chromophore_holo_plddt,chromophore_holo_plddt_sd,chromophore_apo_plddt,chromophore_apo_plddt_sd,mean_plddt_diff,mean_plddt_diff_sd,chromophore_plddt_diff,chromophore_plddt_diff_sd,pae_diff,pae_diff_sd,global_rmsd,global_rmsd_sd,chromophore_rmsd,chromophore_rmsd_sd,mean_per_res_rmsd,max_per_res_rmsd,holo_fraction_disordered,holo_fraction_disordered_sd,apo_fraction_disordered,apo_fraction_disordered_sd
0,G4FP_r28_l2_cro_mod3,25,25,0.7191999999999998,0.0081240384046359,0.4572,0.0474798202748634,0.572,0.0401040313850532,83.056729115421,0.321720743871446,92.37698333333334,0.3998758176736667,12.42446435884745,0.2139291240038611,21.144129661903104,1.4703947398882533,0.7768,0.0080208062770106,0.8328,0.0106144555520604,80.67603564333018,0.6024033666213512,90.8925,0.2372490450454945,10.210740932415243,0.3829205351956958,92.37698333333334,0.3998758176736667,90.8925,0.2372490450454945,2.380693472090826,0.6829304892548982,1.484483333333344,0.4649599756271313,2.213723426432205,0.4386271838037601,13.21209457611412,2.504218479390191,0.1320255688459835,0.1026556974717847,13.21209457611412,16.07157147569339,0.126,0.017204650534085257,0.1144,0.018778711350888808
1,G4FP_r28_l2_cro_mod3,25,25,0.7644,0.013253930234714,0.4563999999999999,0.0541510233821423,0.5776,0.0457602447545901,85.50865260170295,0.8718773239096207,93.0817,0.4415919407435218,10.286625828553683,0.6862398031296284,17.0216709654932,1.3651008400588869,0.7832000000000001,0.0062716292407422,0.8371999999999998,0.0102143689640297,81.17224988174077,0.4123592545112458,90.30741666666668,0.3453969804067086,9.776962370071487,0.3444002346945413,93.0817,0.4415919407435218,90.30741666666668,0.3453969804067086,4.33640271996218,0.9644740653479864,2.774283333333344,0.5606268957191605,0.509663458482196,0.7678128607004745,9.30676226301502,2.031583975841255,0.2031747312752,0.1478225354270429,9.30676226301502,15.31492542724543,0.12360000000000002,0.013230268326832986,0.10719999999999999,0.024252010225958593
2,G4FP_r28_l2_cro_mod3,25,25,0.7196000000000001,0.0045460605656619,0.488,0.0667707520800337,0.598,0.054313902456001,83.64514735099337,0.2795783316258269,92.55889523809525,0.3555820823327235,12.26751487272057,0.2163173379181047,21.819931683513417,1.032525084742304,0.7687999999999999,0.0043969686527576,0.8263999999999999,0.0075718777944003,80.86754221854305,0.5091827986473447,90.20787857142858,0.2301693848963744,10.28334985307662,0.2431006808945011,92.55889523809525,0.3555820823327235,90.20787857142858,0.2301693848963744,2.7776051324503186,0.5808882559950952,2.351016666666652,0.423575923559934,1.984165019643949,0.3254091758622451,9.883818391852747,1.7540698487159108,0.1819404330339979,0.1323458255499921,9.883818391852747,13.657991192948243,0.1288,0.015051910177781427,0.11560000000000001,0.017681628884240276
3,G4FP_r28_l2_cro_mod3,25,25,0.7247999999999999,0.0065319726474218,0.4668,0.0618950725017751,0.5815999999999999,0.0498898787330657,83.929175,0.4098949867846627,93.17776666666664,0.2038232258782305,12.01432598674314,0.3296672899697563,21.26941443011502,1.5181371196048457,0.7687999999999999,0.0033166247903554,0.8291999999999998,0.0090921211313238,81.47443956953641,0.4598478983979785,91.03355,0.2030481378794114,10.47201171001272,0.2014064201057967,93.17776666666664,0.2038232258782305,91.03355,0.2030481378794114,2.454735430463586,0.6160146019797228,2.144216666666651,0.2877020224185166,1.542314276730421,0.3863224924021847,8.810209947159308,2.84276898334838,0.1132778697266703,0.0944849043779347,8.810209947159308,15.875063557890416,0.12440000000000001,0.011689311356961966,0.1204,0.0158694675399019
4,G4FP_r28_l2_cro_mod3,25,25,0.726,0.0086602540378443,0.4644,0.0317647603485371,0.5792,0.0239652526240249,83.91388632923368,0.781763974932024,93.4807,0.6711978254086736,12.097041682437087,0.3295139738296108,20.60122969675845,1.3801443536369804,0.7768,0.0069041050590693,0.8323999999999999,0.0087939373055152,81.35375745033112,0.5668393853492153,91.48516666666669,0.3055940158875788,10.18002359545634,0.3653439333278524,93.4807,0.6711978254086736,91.48516666666669,0.3055940158875788,2.56012887890256,0.9656406170437294,1.995533333333313,0.7374918463139982,1.9170180869807505,0.4919915126996071,12.356528532595568,2.6749042797797458,0.1039458264369746,0.0672042874312478,12.356528532595568,16.235524587069953,0.124,0.01496662954709577,0.1136,0.01957140771636011
5,G4FP_r28_l2_cro_mod3,25,25,0.7367999999999999,0.0069041050590693,0.4151999999999999,0.0365285276644615,0.5336,0.0251462389500563,82.9731378666036,0.5920844319590092,92.49518333333332,0.3781134655418579,11.646468027290108,0.2909905046733223,18.78192819797839,1.176400760086158,0.7784,0.008,0.8283999999999999,0.012138094304022,80.31555501419112,0.4950431442617826,91.2919,0.4076200203848142,9.972722906890048,0.447665532254745,92.49518333333332,0.3781134655418579,91.2919,0.4076200203848142,2.6575828524124745,0.7717717857299622,1.2032833333333317,0.5559890950752453,1.67374512040006,0.5339287429788351,9.6771582083519,2.415914149578545,0.1831771053342339,0.1365356536578537,9.6771582083519,14.17880192355219,0.1112,0.02141401410291868,0.09840000000000002,0.027229395880188016
6,G4FP_r28_l2_cro_mod3,25,25,0.8012,0.0206801031589947,0.5247999999999999,0.1000049998750062,0.6424,0.0833306666239986,87.48761887417218,0.9350087591700692,95.0263,0.6271489251410366,8.7102954357974,0.8040125091777166,13.057766469153016,2.064461835312393,0.7803999999999999,0.007895146188218,0.8395999999999999,0.0133790881602596,81.49250834910123,0.6876253841997678,91.09556666666668,0.3614474037732822,9.882702030612691,0.402812462308478,95.0263,0.6271489251410366,91.09556666666668,0.3614474037732822,5.995110525070956,1.1606334687232789,3.930733333333336,0.723850813358667,-1.1724065948152909,0.8992741488029481,9.684771057511318,2.0213593816774797,0.1305580062741219,0.1100611244962266,9.684771057511318,13.507734629479168,0.12359999999999999,0.011271202242884299,0.1176,0.02232129028528593
7,G4FP_r28_l2_cro_mod3,25,25,0.7232000000000001,0.0047609522856952,0.452,0.0551513070259143,0.5711999999999999,0.0451220566907139,83.91253914380323,0.3145695739302482,92.92695,0.2953334420851929,12.198321910695745,0.1906726836873998,21.50171139769955,1.0608894211830462,0.7724000000000001,0.0052281290471193,0.8284,0.0124766448481419,81.19656142384106,0.5498543768588001,90.94221666666668,0.2446058609254373,10.225108109293451,0.2278602646910534,92.92695,0.2953334420851929,90.94221666666668,0.2446058609254373,2.7159777199621686,0.6334775864965052,1.984733333333324,0.3834760347309364,1.9732138014022933,0.2971134001179215,9.93744696748702,1.693075052194766,0.1723121102714908,0.1294011296901438,9.93744696748702,13.285764666604113,0.1304,0.011482160075525865,0.1116,0.02344013651837378
8,G4FP_r28_l2_cro_mod3,25,25,0.7323999999999999,0.0072341781380702,0.474,0.0427200187265876,0.5892000000000001,0.0354635963583315,84.65942088457899,0.3206870242129885,93.04343333333333,0.1925323250276535,11.618466358051649,0.3312954566230011,20.59462530498432,1.283173636254604,0.7712,0.0033166247903554,0.8291999999999998,0.0141185457230315,81.36192970671713,0.368066624539552,90.97665,0.214965392078973,10.297632121398186,0.1931433588363732,93.04343333333333,0.1925323250276535,90.97665,0.214965392078973,3.2974911778618576,0.4881733376563302,2.066783333333319,0.2885806923067111,1.320834236653463,0.3834853799581397,6.162628633189857,1.8162532189099532,0.0978008613080493,0.0804531153388679,6.162628633189857,10.630996130248729,0.12440000000000001,0.010229369482035542,0.11599999999999999,0.02529822128134704
9,G4FP_r28_l2_cro_mod3,25,25,0.7352,0.0065319726474218,0.4936,0.0479478883789474,0.6084,0.0399666527661916,84.9435057473983,0.3953935013010161,93.06978333333332,0.3361401169761531,11.549295484321776,0.2636880235439047,19.23169118159637,1.1264495575938591,0.7748,0.008225975119502,0.8283999999999999,0.008,81.27708784295176,0.7554404827425278,90.62631666666668,0.355781849645311,10.203397833428358,0.4485564221910194,93.06978333333332,0.3361401169761531,90.62631666666668,0.355781849645311,3.666417904446547,0.8526583980923077,2.443466666666652,0.4894598071116571,1.3458976508934182,0.520321283102372,10.522349955325035,2.43877953232586,0.1499424967080659,0.1226796784592728,10.522349955325035,14.1851151107539,0.1316,0.015919798993705922,0.10800000000000001,0.020199009876724155
10,G4FP_r28_l2_cro_mod3,25,25,0.7303999999999999,0.0093452305125841,0.4927999999999999,0.0607261613035656,0.5896,0.0483459753581757,84.06421227530747,0.2833665893948927,92.40256428571428,0.3285433116779854,11.802947719839675,0.3855193206298456,19.91815406064831,2.198985814810704,0.774,0.0057735026918962,0.8268,0.009,81.36423410596026,0.5110826156658059,90.13152142857142,0.2173866210045609,10.157109688171571,0.2031457528295298,92.40256428571428,0.3285433116779854,90.13152142857142,0.2173866210045609,2.6999781693472045,0.584381779337015,2.2710428571428736,0.393951330293627,1.645838031668104,0.4357675337511666,9.342197737504613,1.6364090531680089,0.150861745502745,0.1283424556466461,9.342197737504613,11.94715394437813,0.10039999999999999,0.027637655472199516,0.10640000000000001,0.017636326148038884
11,G4FP_r28_l2_cro_mod3,25,25,0.7304,0.002,0.4672,0.0458730131268192,0.5871999999999999,0.0376961536499415,85.03487459791864,0.2204690787968526,93.4895,0.2152693322716124,11.77896522743374,0.1243258209951641,20.67212269083304,0.627775396219067,0.7692,0.004,0.8275999999999999,0.0101159939369956,81.74978585619678,0.394088819794257,90.45781666666666,0.2955320815526658,10.2212179290382,0.205754742079176,93.4895,0.2152693322716124,90.45781666666666,0.2955320815526658,3.2850887417218644,0.4515668417768993,3.031683333333348,0.3656228885662348,1.5577472983955405,0.2403995084316726,8.028836212240764,1.6710222910511452,0.1207446197293959,0.0691707099341452,8.028836212240764,10.9545458423049,0.1348,0.014729562111617578,0.11320000000000001,0.01713942822850284
12,G4FP_r28_l2_cro_mod3,25,25,0.7223999999999999,0.0052281290471193,0.4728000000000001,0.0587735768295016,0.586,0.049581582602145,83.74884094134342,0.4245985351317719,93.14098333333334,0.2813158071160113,12.24837829601809,0.1884220213973772,21.794943882886024,1.2466628322390618,0.7688000000000001,0.0078102496759066,0.8311999999999999,0.0078102496759066,80.12472675023652,0.5978316969540177,91.47478333333332,0.3328211368641097,10.519239682470063,0.3897072466647114,93.14098333333334,0.2813158071160113,91.47478333333332,0.3328211368641097,3.624114191106898,0.7332712007974724,1.6662000000000177,0.4357849153847014,1.7291386135480256,0.4328678738950996,10.827911472254748,2.7946580401860706,0.1016532820666829,0.0796403620211573,10.827911472254748,13.99656432350385,0.128,0.019183326093250883,0.12360000000000002,0.015460918472070154
13,G4FP_r28_l2_cro_mod3,25,25,0.7247999999999999,0.0058594652770823,0.4788,0.0671019125410496,0.5896,0.0537339123211155,84.17190778145695,0.3417512128327607,92.76450238095238,0.2869498796894636,11.897146378625983,0.287143188697264,20.51819797838968,1.5208515808279248,0.7683999999999999,0.0047258156262526,0.8288,0.0097125348562222,80.76407537842952,0.5366051426249452,90.51749047619047,0.2813102667436054,10.537855050217097,0.1758490191353174,92.76450238095238,0.2869498796894636,90.51749047619047,0.2813102667436054,3.4078324030274274,0.6361909859186946,2.247011904761891,0.4018403907388555,1.3592913284088883,0.3367106893849463,8.876635070154531,3.0598169527285317,0.163591260935041,0.127394231823894,8.876635070154531,15.564348472025772,0.12120000000000002,0.015829087149927507,0.1244,0.02155550973649197
14,G4FP_r28_l2_cro_mod3,25,25,0.7352,0.0050990195135927,0.4631999999999999,0.0370495164160973,0.5795999999999999,0.033351661627771,84.88903696783349,0.2665383219435902,93.69406666666669,0.1363969476007995,11.501459224968704,0.2436589587324299,19.290549320320668,1.0094608859869754,0.7708000000000002,0.0049328828623162,0.8228,0.0154164414397962,81.4848855487228,0.3872415498221984,91.17146666666667,0.362531350815449,10.374318670233762,0.1842200950880548,93.69406666666669,0.1363969476007995,91.17146666666667,0.362531350815449,3.40415141911069,0.4701049829274341,2.522599999999997,0.3873410740405533,1.1271405547349411,0.3054615059296735,5.960075085819326,2.2813138487573825,0.1570698730917203,0.1163034455488241,5.960075085819326,11.174275249881203,0.1272,0.012496399481450648,0.10279999999999999,0.031307507086959195
15,G4FP_r28_l2_cro_mod3,25,25,0.726,0.006454972243679,0.4808,0.0459093309324658,0.59,0.039370039370059,84.41452665562915,0.3381562383846544,94.28192142857142,0.1928480552495908,11.88810291049194,0.2833748339699121,20.290320669222723,1.1779446027353666,0.7707999999999999,0.004,0.8331999999999999,0.009,81.74796040681173,0.4593180099025998,92.38490476190476,0.2460267222589415,10.287174334459015,0.188535281293721,94.28192142857142,0.1928480552495908,92.38490476190476,0.2460267222589415,2.6665662488174178,0.5703706477189583,1.8970166666666584,0.3126012163748369,1.6009285760329242,0.340362819385399,8.014964158538985,2.383721854335424,0.1055636644484347,0.098200844860794,8.014964158538985,12.707909548296348,0.1192,0.016951696080333676,0.1232,0.016178998732925345
16,G4FP_r28_l2_cro_mod3,25,25,0.7328000000000001,0.0045825756949558,0.4736000000000001,0.0459963766688928,0.5876,0.0379999999999999,84.69613987701041,0.3381302707459562,92.70178333333337,0.3674651092028811,11.852988460903912,0.1888440635650671,20.318685256186825,0.7951867876639899,0.7704000000000001,0.002,0.83,0.0095742710775633,82.2126240539262,0.4112134596844927,90.90236666666668,0.2988388195102752,10.429796193149423,0.1797939414605661,92.70178333333337,0.3674651092028811,90.90236666666668,0.2988388195102752,2.483515823084204,0.5323801174165161,1.7994166666666729,0.4736404190182466,1.423192267754489,0.2607449745051525,7.6137442034242895,2.347293105974847,0.1441015812938163,0.0927100394341133,7.6137442034242895,12.010408378110496,0.12760000000000002,0.016560193235587564,0.1208,0.020575713839378697
17,G4FP_r28_l2_cro_mod3,25,25,0.7239999999999999,0.0057735026918962,0.4715999999999999,0.0466082968293557,0.584,0.0385140666943044,83.75505387890254,0.3317119208145206,92.65948333333333,0.3415703048394965,12.220093089158686,0.229314725301326,21.72246078773092,0.9756319687705576,0.7712000000000002,0.0092736184954957,0.8296000000000001,0.0097809338340807,80.0767472090823,0.6159837873992622,90.60833333333332,0.3080320882004189,10.464071707381256,0.3963287054781976,92.65948333333333,0.3415703048394965,90.60833333333332,0.3080320882004189,3.6783066698202447,0.6996204862274962,2.0511499999999927,0.4599500413188994,1.7560213817774315,0.4578882898983621,11.602086551096296,3.235895111942421,0.1586162573389168,0.1214637413045381,11.602086551096296,15.634344323254664,0.12480000000000001,0.018356470248934026,0.12,0.020591260281974
18,G4FP_r28_l2_cro_mod3,25,25,0.7239999999999999,0.005,0.5052,0.0720601600516309,0.612,0.0592311854797228,84.06529659413434,0.3483256400048458,93.50348095238095,0.3449488059651351,12.07578129094244,0.2306115525742359,21.279802021610315,1.1476828997913096,0.7776000000000001,0.0043588989435406,0.8347999999999999,0.0091833182093039,81.91494084673603,0.4636932163535203,91.5288214285714,0.2190016281677293,9.976594930046929,0.1809799699810266,93.50348095238095,0.3449488059651351,91.5288214285714,0.2190016281677293,2.150355747398308,0.5799501274911991,1.9746595238095492,0.4085968573996731,2.099186360895512,0.2931474675228031,7.825481637028758,2.219837051763499,0.1859501928561835,0.1392821063700434,7.825481637028758,15.368363793927864,0.1264,0.012289833196589777,0.118,0.015748015748023623
19,G4FP_r28_l2_cro_mod3,25,25,0.7336,0.0063770421565696,0.484,0.0450924975282289,0.5948,0.0389572415176776,84.88931319772942,0.4019339902439722,92.40525,0.3938612974684322,11.52328362496482,0.2799601564238669,20.081840362495644,1.3711466839347588,0.7803999999999999,0.0088881944173155,0.8264,0.0125432584814845,81.16321213339641,0.6454776859638987,90.20980000000002,0.4524712896304178,9.957419016709794,0.4443348144191092,92.40525,0.3938612974684322,90.20980000000002,0.4524712896304178,3.726101064333008,0.7603896209120368,2.195449999999994,0.5998808128147876,1.5658646082550265,0.5251772238870802,11.941251023265492,1.407578249605672,0.1726769189804096,0.1351946818043967,11.941251023265492,13.753777165395316,0.124,0.01523154621172782,0.09440000000000001,0.02954048070021881
20,G4FP_r28_l2_cro_mod3,25,25,0.7243999999999999,0.0058309518948453,0.4791999999999999,0.0591551632009694,0.59,0.0483045891539647,83.70838625827815,0.2503277077131524,91.981,0.3650312328088197,12.181435195698798,0.192009607747533,20.87177762286511,1.2577141068484612,0.7687999999999999,0.0033166247903554,0.8275999999999999,0.008306623862918,80.72630624408704,0.4416365141428096,90.482,0.2478614842881386,10.488372483662998,0.1928451663864749,91.981,0.3650312328088197,90.482,0.2478614842881386,2.982080014191112,0.5076482757511677,1.4989999999999952,0.4412290973173074,1.6930627120358004,0.2721340619363712,8.922635416751554,2.0196492199691054,0.1295366267457326,0.0849870506116205,8.922635416751554,12.453011438360235,0.12560000000000002,0.019200000000000002,0.11720000000000001,0.01732512626216617
21,G4FP_r28_l2_cro_mod3,25,25,0.7279999999999999,0.0076376261582597,0.4988,0.0453063645271463,0.6064,0.0386091526281873,84.11129406338694,0.5048550004717143,93.94651666666668,0.4405305565977184,11.952983492008036,0.288905245075878,20.98448170094109,1.3335431053732685,0.7708000000000002,0.004,0.8316,0.0098657657246324,81.43108765373698,0.4220764375139361,91.36926666666666,0.2386039547497526,10.211102363931406,0.1852836019648463,93.94651666666668,0.4405305565977184,91.36926666666666,0.2386039547497526,2.680206409649955,0.6580479394434346,2.5772500000000065,0.5009980224696676,1.7418811280766295,0.3432145885439905,9.124439229455056,3.247923519144124,0.156187533060545,0.1100494798896862,9.124439229455056,15.429954605416974,0.12440000000000001,0.01856448221739567,0.1216,0.01803995565404749
22,G4FP_r28_l2_cro_mod3,25,25,0.7424,0.0072341781380702,0.4787999999999999,0.0453982378512646,0.5908,0.0387212258759111,85.13574555345316,0.3868741261748019,94.53158333333334,0.2410610410754406,11.091827835521784,0.3394211804149125,17.960952248170095,1.318801212384635,0.7692,0.0027688746209726,0.824,0.0122474487139158,81.34008261589405,0.2771679988797525,91.21498095238096,0.2338328030065576,10.582200385947983,0.1455496837642154,94.53158333333334,0.2410610410754406,91.21498095238096,0.2338328030065576,3.795662937559115,0.4759135311235887,3.316602380952389,0.3358395528913753,0.5096274495738005,0.3693121283658522,6.523557437178511,1.556052288823883,0.1711368995406929,0.1172978174294232,6.523557437178511,9.763538798571162,0.12159999999999999,0.01007174264961134,0.11359999999999999,0.024960769218916313
23,G4FP_r28_l2_cro_mod3,25,25,0.7248,0.0050990195135927,0.46,0.0575181130891246,0.5780000000000001,0.0464578662158878,83.69718859981077,0.3853174551049658,92.36026666666666,0.3935327310614279,12.190849739424111,0.1928997844238126,22.338200766817703,0.6372921510793285,0.7636,0.0056862407030773,0.8212,0.0083266639978645,80.81904621570483,0.7568980558941287,90.99013333333332,0.550536061888608,10.667491513530107,0.2081427872469046,92.36026666666666,0.3935327310614279,90.99013333333332,0.550536061888608,2.878142384105942,0.8493316244111477,1.3701333333333423,0.6767259163475885,1.5233582258940055,0.2837846837193007,9.615721918231554,2.749837087537991,0.2015274892120789,0.1367467923884497,9.615721918231554,13.68315260330593,0.12960000000000002,0.010762899237658972,0.1188,0.015574337867145429
24,G4FP_r28_l2_cro_mod3,25,25,0.7191999999999998,0.005715476066494,0.4443999999999999,0.0495042085752986,0.5611999999999999,0.0419642705167145,83.09694271523178,0.40236791178803,91.55788333333332,0.5175465586722798,12.472520220106562,0.18348501533253,21.62136284419658,0.9880263012847144,0.7740000000000002,0.0081649658092772,0.8231999999999999,0.0114455231422595,80.60833746452222,0.6700128120771661,90.69593333333334,0.4391816437463015,10.372816148414543,0.305330093964954,91.55788333333332,0.5175465586722798,90.69593333333334,0.4391816437463015,2.488605250709554,0.7815478902691836,0.8619499999999789,0.6787745992575318,2.0997040716920186,0.3562207421420409,12.297714881311494,2.124299321080545,0.1371040235375145,0.1228914108211957,12.297714881311494,15.713565764205583,0.1264,0.011271202242884302,0.1016,0.02427838544878963
25,G4FP_r28_l2_cro_mod3,25,25,0.7364,0.0063770421565696,0.5052,0.0376519145152894,0.6108,0.0312143129562919,85.23531620151373,0.3160649891938542,92.84425,0.230406777213935,11.25782156617269,0.3221650105280989,18.86567235970721,1.2902831291256631,0.7848000000000002,0.0091833182093039,0.8403999999999999,0.0169509095134548,82.0446298013245,0.972563447662476,90.33026666666667,1.0331058208880526,9.870335950177624,0.4769939166119342,92.84425,0.230406777213935,90.33026666666667,1.0331058208880526,3.1906864001892217,1.022632258988163,2.5139833333333,1.0584870902088928,1.387485615995068,0.5755983760343344,8.67857366368318,1.960679337986874,0.116914204996233,0.1082410563738086,8.67857366368318,11.28192008336384,0.11599999999999999,0.014966629547095767,0.11239999999999999,0.02121885953579975
26,G4FP_r28_l2_cro_mod3,25,25,0.7243999999999999,0.0071180521680208,0.3888,0.0553263047744922,0.5115999999999999,0.0448776113446337,82.56918240302743,0.4568457238661379,92.08146666666669,0.3638573350929245,12.258418610067835,0.2722691740787237,21.33817776228651,2.098230306003777,0.7692,0.0027688746209726,0.8292,0.0081240384046359,80.89598748817407,0.5284422053539536,90.79681666666669,0.2395927800069961,10.228719617560634,0.2381037817940372,92.08146666666669,0.3638573350929245,90.79681666666669,0.2395927800069961,1.6731949148533545,0.6985407502888615,1.2846499999999992,0.4356568150877541,2.029698992507201,0.3616958861504135,8.439078971105534,2.563876227480835,0.1133843793950167,0.0877265289369346,8.439078971105534,13.829808045066343,0.11199999999999999,0.020199009876724155,0.1192,0.01764539600009022
27,G4FP_r28_l2_cro_mod3,25,25,0.7235999999999998,0.007,0.4760000000000001,0.0615765106730372,0.586,0.0509084144976708,83.26280766319773,0.3150419594786949,92.646,0.3614906725847039,12.1991678263992,0.2273328922715028,20.802863715580344,1.8200060989290112,0.7756000000000001,0.0050662280511902,0.8319999999999999,0.0095742710775633,81.15502892620626,0.5162496044578331,90.71373333333337,0.1849179263013521,10.090128239989474,0.221769204093925,92.646,0.3614906725847039,90.71373333333337,0.1849179263013521,2.1077787369914773,0.6047851604785329,1.9322666666666493,0.406042049341363,2.109039586409727,0.3175875057255554,9.489471008432885,1.4873519011569496,0.1185414309857804,0.0953837690613168,9.489471008432885,11.948815768123852,0.12240000000000002,0.021406541056415446,0.1168,0.01713942822850284
28,G4FP_r28_l2_cro_mod3,25,25,0.726,0.0076376261582597,0.4579999999999999,0.0645497224367902,0.57,0.0521216525703729,83.73925541627246,0.5734016422023306,92.31497380952382,0.3967973068232574,12.021774051105872,0.3337272897887317,21.34158522133147,1.707550880991667,0.7652,0.0065319726474218,0.8231999999999999,0.0106926766215636,80.3890421948912,0.5604449453778345,90.55707857142858,0.3291167336154634,10.737026358493049,0.2502896144123892,92.31497380952382,0.3967973068232574,90.55707857142858,0.3291167336154634,3.350213221381253,0.8018029558937118,1.7578952380952444,0.5155249043915359,1.2847476926128234,0.4171556005046973,8.188925759271722,3.784817041345529,0.1446637520296157,0.111663759774945,8.188925759271722,13.894814600155694,0.1184,0.018478095139921758,0.1144,0.024179330015531863
29,G4FP_r28_l2_cro_mod3,25,25,0.73,0.005,0.5055999999999999,0.0466440421347321,0.6123999999999999,0.0376696164036747,84.30829787133396,0.3314992296769585,93.37916666666668,0.2320554354367524,11.697900059199736,0.1767567586559393,20.21846078773092,0.9880240365235818,0.77,0.0,0.8296000000000001,0.0073484692283495,81.3740305345317,0.4359507334035549,91.4295,0.2877209044642757,10.24629963598088,0.201604125713506,93.37916666666668,0.2320554354367524,91.4295,0.2877209044642757,2.9342673368022645,0.5476721475769188,1.9496666666666729,0.3696390725849766,1.4516004232188564,0.2681178383384088,7.220606929352868,2.5442615809667752,0.1409417449608865,0.1185800804197735,7.220606929352868,11.89153895294981,0.12560000000000002,0.019612241075410024,0.11560000000000001,0.01329059818066892
30,G4FP_r28_l2_cro_mod3,25,25,0.7228,0.0045825756949558,0.4648,0.0503421625810148,0.5836,0.0408125797600037,84.49315889309366,0.4741448496538585,93.88138333333332,0.1861882634444101,12.237188420143438,0.2098543478130511,21.722167305681424,0.7508237677451961,0.7764000000000002,0.0063770421565696,0.8304,0.0097809338340807,81.71200626773889,0.5881496789645004,91.06188333333334,0.3241510261151127,10.08434985307662,0.3667086212041594,93.88138333333332,0.1861882634444101,91.06188333333334,0.3241510261151127,2.7811526253547783,0.7554689823674596,2.8194999999999766,0.3738180803224017,2.1528385670668198,0.4225092426935732,10.15945525746978,2.5067070662069453,0.0908711681194835,0.0425688294317368,10.15945525746978,14.801440931457106,0.1352,0.017690675509996784,0.1092,0.019983993594874874
31,G4FP_r28_l2_cro_mod3,25,25,0.7216,0.0037416573867739,0.4352,0.033555923471125,0.5516000000000001,0.0276405499221704,83.953601371807,0.3672557957288045,93.38008333333336,0.150531994492003,12.079387001290748,0.2079134544105003,21.082600209132103,0.9227562113908168,0.768,0.0040824829046386,0.824,0.0086602540378443,81.30193185903501,0.3884356900813964,91.33063333333334,0.1944676122110699,10.65780764001579,0.1540627881762327,93.38008333333336,0.150531994492003,91.33063333333334,0.1944676122110699,2.6516695127719885,0.5345644066203885,2.0494500000000078,0.2459218037604952,1.421579361274958,0.2587727714145017,6.205665432519902,2.7452450700492275,0.1064653682240788,0.065807504236259,6.205665432519902,12.85958666549787,0.11959999999999998,0.017545369759569048,0.11599999999999999,0.02
32,G4FP_r28_l2_cro_mod3,25,25,0.7272,0.0054160256030906,0.4795999999999999,0.0374699879903903,0.5912,0.0317962261911692,84.6678830652791,0.5531779347721865,93.62456666666664,0.5160119827285459,11.94220851893906,0.2781330667377776,20.83317323109097,0.9774891048217994,0.7776000000000001,0.0052281290471193,0.8328,0.0097979589711327,81.11588928571429,0.5526910538477386,90.39805,0.3029155137147575,10.192311565282225,0.2452635484898787,93.62456666666664,0.5160119827285459,90.39805,0.3029155137147575,3.5519937795648104,0.7819675367444261,3.2265166666666545,0.5983528848167448,1.7498969536568367,0.3708263893398205,11.905831019557438,2.3908502159039173,0.130394524334059,0.0927556906654469,11.905831019557438,15.703795383497551,0.1284,0.018039955654047493,0.1148,0.017690675509996787
33,G4FP_r28_l2_cro_mod3,25,25,0.7295999999999999,0.0084063468086123,0.4724,0.0624019230472907,0.5820000000000001,0.0511533641774093,84.52765936613058,0.4035670260189369,93.32014999999996,0.5953463904759795,11.93896810007667,0.2847877400201697,21.301320320669223,1.154103386797862,0.772,0.0095742710775633,0.8243999999999998,0.0108320512061812,80.63357850047304,0.934935366680776,90.73356666666666,0.312359623100552,10.428645980439455,0.4671672066265945,93.32014999999996,0.5953463904759795,90.73356666666666,0.312359623100552,3.894080865657543,1.0183174771947532,2.5865833333333086,0.6723138097617037,1.5103221196372143,0.5471281895617252,11.397103259029272,3.504981156341296,0.1602301673359398,0.1150619404854651,11.397103259029272,14.75050024180933,0.1192,0.015471263684650977,0.1052,0.027874002224294956
34,G4FP_r28_l2_cro_mod3,25,25,0.732,0.0081649658092772,0.48,0.03947573094109,0.6008,0.0334065861769801,83.74214075212868,0.2276107179859545,93.62491666666664,0.2445175178814938,11.986136702865853,0.2634836034960633,20.097899616591143,1.00975079028777,0.7756000000000001,0.0071180521680208,0.8336,0.0118602979164381,80.79086948912015,0.6947991346461545,91.20513333333334,0.3485430929106746,10.132848734704618,0.4370067520507965,93.62491666666664,0.2445175178814938,91.20513333333334,0.3485430929106746,2.951271263008522,0.7311309571117386,2.4197833333333136,0.4257594440134779,1.8532879681612329,0.5102925735783905,11.271409722241057,3.494827598386742,0.1599436575910516,0.1196260543458658,11.271409722241057,14.700140467843704,0.13920000000000002,0.017645396000090224,0.118,0.021166010488516726
35,G4FP_r28_l2_cro_mod3,25,25,0.7295999999999999,0.0073484692283495,0.5252,0.0621905673447884,0.6292,0.0488978527135906,84.30480636234626,0.3491741741600885,93.36041666666668,0.290330745101041,11.725590628972936,0.2977868013169715,19.51035901010805,0.984728547400416,0.7748000000000002,0.0050990195135927,0.8355999999999999,0.0091651513899116,81.56179881740775,0.5190634139420193,90.73076666666664,0.2130328857633656,9.978307311082848,0.2230399798220743,93.36041666666668,0.290330745101041,90.73076666666664,0.2130328857633656,2.743007544938507,0.6255792768255066,2.6296500000000123,0.3601040849082288,1.747283317890087,0.3720535064175915,7.017393820665265,2.2446262579329908,0.0990125447608703,0.0982927027148742,7.017393820665265,12.10441845135454,0.1284,0.014333178293735135,0.12480000000000001,0.016998823488700625
36,G4FP_r28_l2_cro_mod3,25,25,0.7323999999999999,0.0052281290471193,0.4648,0.0468259187487727,0.5836,0.0391450294843845,85.09739820245979,0.3549647149527923,94.70800476190476,0.2294868460848774,11.751791616929184,0.2107599054953835,20.18189264552109,0.9471169391190228,0.7704000000000001,0.002,0.8295999999999999,0.0073484692283495,82.51440475402082,0.4284164706197255,92.7058119047619,0.236664980502042,10.377005438357967,0.1922059830277694,94.70800476190476,0.2294868460848774,92.7058119047619,0.236664980502042,2.5829934484389696,0.5563637489626541,2.002192857142873,0.3296581949868927,1.3747861785712168,0.2852417880958086,7.526665100557209,2.521855380541333,0.1462410707917744,0.1015963950193227,7.526665100557209,12.522106611275008,0.12960000000000002,0.01611955334368791,0.1204,0.015869467539901896
37,G4FP_r28_l2_cro_mod3,25,25,0.7287999999999998,0.007257180352359,0.5015999999999999,0.0505536019158542,0.6083999999999999,0.0402781992315114,84.31719827341533,0.378593685879575,92.48323333333332,0.3265190257700348,11.83791034636698,0.2758315439206339,20.474714534681077,1.7405338649172255,0.7696,0.0035118845842842,0.8271999999999999,0.0097979589711326,80.8678915562914,0.4997288768514348,90.66713333333333,0.1928303787706992,10.297576202798124,0.2047624954157826,92.48323333333332,0.3265190257700348,90.66713333333333,0.1928303787706992,3.449306717123932,0.6269466718526215,1.8161000000000056,0.3792073696101699,1.5403341435688578,0.3435268841743525,8.292459947152214,2.042754979729202,0.203003146358099,0.1401960247455734,8.292459947152214,12.000438070994209,0.12080000000000002,0.018093092604637828,0.11639999999999999,0.016218507946170635
38,G4FP_r28_l2_cro_mod3,25,25,0.7252,0.0050990195135927,0.4535999999999999,0.062508666065861,0.5676,0.0519839718887786,83.7417741012299,0.7583172190413019,92.99839523809526,0.9106549424137385,12.2157305926767,0.2188368417904223,20.611424189613103,0.9576154089743946,0.778,0.0086602540378443,0.8340000000000001,0.0122474487139159,80.9760339640492,0.721580774754347,91.28136428571428,0.2182955873828074,10.049571597736945,0.4292927489270298,92.99839523809526,0.9106549424137385,91.28136428571428,0.2182955873828074,2.7657401371807,1.0467682738742217,1.7170309523809806,0.936453622777644,2.1661589949397566,0.4818524956935807,13.099942596693053,2.295043955606665,0.0850390072068274,0.0154988270785424,13.099942596693053,16.16146922605012,0.12079999999999998,0.02591061558512264,0.10880000000000001,0.02519047439013406
39,G4FP_r28_l2_cro_mod3,25,25,0.7264,0.0075718777944003,0.4903999999999999,0.0563826214360418,0.6015999999999999,0.0451552876195025,83.95487878429516,0.3896904895309894,93.63285,0.3556911161933714,12.143144457060782,0.2661129722174822,20.449072150575116,1.0605868648275991,0.778,0.0086602540378443,0.8371999999999998,0.0102143689640297,81.13825522705771,0.7019885655483189,91.16488333333332,0.3269937182613892,10.048008025963776,0.4324535761920728,93.63285,0.3556911161933714,91.16488333333332,0.3269937182613892,2.816623557237449,0.8028988876511715,2.4679666666666837,0.4831573883542455,2.095136431097007,0.507771808535818,12.1718398782541,3.1578405890040937,0.1600446800476179,0.1050227368244369,12.1718398782541,15.954220564167825,0.13,0.01697056274847714,0.1168,0.021673947494630502
40,G4FP_r28_l2_cro_mod3,25,25,0.7164000000000001,0.0048989794855663,0.4528,0.0440189353195493,0.5695999999999999,0.0372469238103408,83.58938810312206,0.283252264605736,92.61608333333334,0.2178984749152014,12.625960928174225,0.1378759439146829,22.49202649006622,0.5849282072074323,0.7732000000000001,0.0085244745683629,0.826,0.0099999999999999,81.28784538789026,0.6705942932034186,90.94531666666668,0.2757935278848082,10.252193105565546,0.4293873161794849,92.61608333333334,0.2178984749152014,90.94531666666668,0.2757935278848082,2.301542715231804,0.7279619162300116,1.6707666666666654,0.351485156718629,2.373767822608677,0.4509803135461522,11.231510558184686,2.7209805466977257,0.1062772268752206,0.0725820966606883,11.231510558184686,15.409403975759195,0.128,0.018973665961010282,0.1048,0.025474693324945053
41,G4FP_r28_l2_cro_mod3,25,25,0.7323999999999999,0.0116476034731041,0.4568000000000001,0.0558062123184626,0.5648,0.0462889475649065,82.9383310548723,0.5086888350680623,91.95798333333332,0.6108886433765829,11.951423608078336,0.4063136682563959,18.38288811432555,1.7288460390765896,0.7864000000000001,0.0063770421565696,0.8416000000000001,0.0089814623902049,80.61704238410596,0.7015808167566138,90.97418333333334,0.2513668214685178,9.722291873163458,0.344441066669977,91.95798333333332,0.6108886433765829,90.97418333333334,0.2513668214685178,2.321288670766336,0.8665910069714431,0.9837999999999738,0.6605832374059061,2.229131734914878,0.5326635386627473,11.864836005780182,2.781001734073606,0.0914624576926592,0.0517033507832013,11.864836005780182,17.267627572212803,0.1052,0.02899931033662697,0.11359999999999999,0.017176728442867113
42,G4FP_r28_l2_cro_mod3,25,25,0.732,0.0076376261582597,0.4284,0.0542125446737192,0.5484000000000001,0.0447846699961791,83.00978003784296,0.7742078578133161,92.00013333333332,0.4911222963312736,11.98518352888656,0.2553075293120352,20.208561868246772,1.0763125698225935,0.768,0.0086602540378443,0.8275999999999999,0.0087939373055152,80.5990935666982,0.71645994282414,90.55285,0.3637209379697457,10.575925178720231,0.3890090320258904,92.00013333333332,0.4911222963312736,90.55285,0.3637209379697457,2.410686471144757,1.0548519596471602,1.4472833333333313,0.6111415798906952,1.4092583501663274,0.4653063093502343,9.945863164959125,2.731862500835465,0.1795402496976435,0.1317758795250239,9.945863164959125,14.239929751166336,0.12159999999999999,0.013469966592386192,0.12119999999999999,0.017508854902591436
43,G4FP_r28_l2_cro_mod3,25,25,0.7267999999999999,0.00556776436283,0.4816,0.0572043121917686,0.5908,0.0476899709932112,84.1006862346263,0.399782185532664,92.76484999999998,0.4397839339548629,12.006930406343104,0.2364087916997711,20.79240641338445,1.4609055654272418,0.77,0.0028867513459481,0.8284,0.0102794292967395,81.36402258751183,0.4742077839752932,90.85566666666664,0.2676235544531672,10.426556335248454,0.1825789819966922,92.76484999999998,0.4397839339548629,90.85566666666664,0.2676235544531672,2.7366636471144687,0.6202409356468112,1.9091833333333312,0.5148128547957622,1.5803740710946492,0.2987042039541697,8.950012090793939,2.529799610257344,0.1370035737472361,0.0829014606413954,8.950012090793939,14.428337073414273,0.118,0.013564659966250538,0.1176,0.019652989594461195
44,G4FP_r28_l2_cro_mod3,25,25,0.7344000000000002,0.0050662280511902,0.474,0.0484767985741633,0.5904,0.0395263625107766,84.84227783822138,0.3382581492963854,93.73978333333332,0.2681143732246172,11.602311429431005,0.2345090305093105,19.717747647263856,1.062050259376031,0.7732000000000001,0.0047609522856952,0.8292,0.0075938571665963,81.93220837275308,0.4595760348810379,90.83365000000002,0.274813917471645,10.171803517389588,0.2174542732793351,93.73978333333332,0.2681143732246172,90.83365000000002,0.274813917471645,2.910069465468297,0.5706388590013765,2.906133333333301,0.3839375032029841,1.430507912041417,0.3198137682431144,8.509395548755348,1.5303337580358172,0.1820104693139373,0.1431282513257019,8.509395548755348,11.548849472534894,0.1276,0.017269626515938327,0.1108,0.016473008225579202
45,G4FP_r28_l2_cro_mod3,25,25,0.7488000000000001,0.0083266639978645,0.4188,0.047462265713582,0.53,0.0451848057057532,84.79307329706717,0.7511150276082181,92.63725,0.300238210788688,11.187153346726062,0.3893374095198028,19.16315789473684,1.0999059082715608,0.7803999999999999,0.0088881944173155,0.8315999999999998,0.012138094304022,81.01913398770104,0.6606628282902228,90.5782,0.3168364338427414,9.842286259374587,0.4810780242883691,92.63725,0.300238210788688,90.5782,0.3168364338427414,3.773939309366128,1.0003245260330922,2.0590500000000134,0.4364954856900338,1.3448670873514723,0.6188858407693549,8.86017492023288,2.3647071497395884,0.1490491266496474,0.1298702885258046,8.86017492023288,14.384986437050928,0.09,0.02481934729198171,0.1016,0.029350298124550627
46,G4FP_r28_l2_cro_mod3,25,25,0.7255999999999999,0.0091651513899116,0.4432,0.0610819122163018,0.5644,0.0578849433502933,83.74313216650899,0.3329371858209099,92.96076666666666,0.2933486146587769,12.150956648324454,0.3180550489165517,21.49308678982224,1.441934017649949,0.7791999999999999,0.0081240384046359,0.8371999999999999,0.0093630479367921,81.4331008987701,0.7969566470340854,91.55246666666666,0.2299266099195033,9.956304767334768,0.4690118858065193,92.96076666666666,0.2933486146587769,91.55246666666666,0.2299266099195033,2.3100312677388786,0.8637054283458909,1.408299999999997,0.3727192719343863,2.194651880989687,0.5666843593828028,11.405220551047217,3.297090469490666,0.0956691287787267,0.0610757482585137,11.405220551047217,14.449860299552832,0.1276,0.027317393726342197,0.118,0.02576819745345025
47,G4FP_r28_l2_cro_mod3,25,25,0.7184,0.0062449979983984,0.4428000000000001,0.0712109542135197,0.5668000000000001,0.0555067563455116,83.16472381740776,0.3845790526170712,92.7855,0.4509146600758251,12.470683320231752,0.2353774202914199,23.063953990937613,0.9619249564732512,0.7667999999999999,0.00556776436283,0.8268,0.0094516312525051,80.09870295648061,0.615133301743908,90.55791666666666,0.2961144497675042,10.529444191044254,0.3761689336286933,92.7855,0.4509146600758251,90.55791666666666,0.2961144497675042,3.066020860927153,0.7254584940754404,2.2275833333333424,0.5394513861622832,1.9412391291874973,0.4437404608669261,10.805782098269644,1.9398180910450693,0.105522152351393,0.0687677767581542,10.805782098269644,13.837862025311402,0.1368,0.010851727973000427,0.12,0.018110770276274835
48,G4FP_r28_l2_cro_mod3,25,25,0.7192000000000001,0.004,0.4723999999999999,0.0527794151792786,0.5876,0.040751278098566,83.700981859035,0.4429682029981847,93.11330000000002,0.5374233623228277,12.428031210877226,0.1855478087361197,22.10882049494597,0.6200925192033021,0.7807999999999999,0.0081240384046359,0.8408,0.0095393920141694,80.76900633869441,0.6980225965434931,91.04091666666667,0.291770715567832,9.883387833866935,0.437897957838632,93.11330000000002,0.5374233623228277,91.04091666666667,0.291770715567832,2.931975520340586,0.8267142034299163,2.072383333333349,0.611517800912891,2.5446433770102903,0.4755865965373919,12.772926540125535,2.4814119582054044,0.095645587405466,0.0377577119905609,12.772926540125535,15.684857550414884,0.1348,0.014455448799674125,0.12240000000000001,0.01839130229211624
49,G4FP_r28_l2_cro_mod3,25,25,0.7328,0.0061373175465073,0.4783999999999999,0.0380438343668633,0.5924,0.03017725412735,84.40242353358562,0.2479665194058042,93.191,0.3427101908088805,11.771113750837044,0.1895580390898265,20.439522481700937,1.228412175771528,0.7859999999999999,0.0086602540378443,0.8291999999999998,0.0122202018532155,81.58528498107852,0.8083757966836085,90.70865,0.526834760776125,9.743783386693568,0.487984781652973,93.191,0.3427101908088805,90.70865,0.526834760776125,2.817138552507103,0.8455523776857871,2.4823499999999967,0.6284943436867958,2.027330364143477,0.5235087366114151,12.915181992359187,2.0654628668004813,0.1747401229716919,0.1408457798897321,12.915181992359187,15.784107977641924,0.128,0.018110770276274838,0.0892,0.025755776051208396
50,G4FP_r28_l2_cro_mod3,25,25,0.7228,0.0054160256030906,0.454,0.0379692858329817,0.57,0.0301385688667085,84.49866688741722,0.30261661575715,93.26273333333332,0.1332858031602524,11.938064304500148,0.2141845375356263,21.91117183687696,0.8961662160031763,0.7716000000000001,0.0037416573867739,0.8255999999999999,0.0129357386079548,81.25791279564807,0.3412060310028361,91.06718333333336,0.2638669566909304,10.251900662251655,0.1461150189765731,93.26273333333332,0.1332858031602524,91.06718333333336,0.2638669566909304,3.240754091769148,0.4560683849216244,2.195549999999983,0.2956194786501845,1.6861636422484931,0.2592771005890695,5.826152136934765,1.7687900071127558,0.1290953914076646,0.1139964837768696,5.826152136934765,10.958876205866236,0.1268,0.008352245207128444,0.10559999999999999,0.026993332510084782
51,G4FP_r28_l2_cro_mod3,25,25,0.7247999999999999,0.0077028133388609,0.4804,0.0638017763598057,0.5844,0.0572334401086171,83.82096232261115,0.5801477859917932,92.71339999999998,0.4151439655743239,12.06680478644423,0.294953819577735,20.13923457650749,1.3590751693819405,0.7759999999999999,0.0076376261582597,0.8316,0.0094339811320566,80.6468440870388,0.6021322058524419,90.68243333333332,0.2951370346347002,10.134140914872155,0.4193397430202847,92.71339999999998,0.4151439655743239,90.68243333333332,0.2951370346347002,3.174118235572351,0.8361427192267519,2.0309666666666573,0.5093627208245021,1.9326638715720748,0.5126827242650306,10.995446043489917,2.747084036882562,0.1586553581089095,0.1230668069989576,10.995446043489917,15.941927923009104,0.1116,0.027954248335449842,0.11199999999999999,0.02315167380558045
52,G4FP_r28_l2_cro_mod3,25,25,0.7272,0.0067823299831252,0.4527999999999999,0.0505404128726045,0.5672,0.0396358423652128,84.11293502838221,0.2674374523036044,93.20595476190476,0.1824551578804733,12.0171899729234,0.2781582041429316,21.98816591146741,1.1725654764582465,0.7712,0.0066583281184793,0.8219999999999998,0.0170782512765992,81.28929155629139,0.5879724064349174,90.65238333333332,0.4146884849530154,10.33542603394588,0.2824116982846347,93.20595476190476,0.1824551578804733,90.65238333333332,0.4146884849530154,2.823643472090822,0.645936793830101,2.5535714285714306,0.4530523415564869,1.681763938977518,0.3963941899927803,7.308461205936903,2.381054879531145,0.2058451024910296,0.1434214543171182,7.308461205936903,11.753550859563957,0.1204,0.015357083056361975,0.102,0.032124756808418024
53,G4FP_r28_l2_cro_mod3,25,25,0.7308,0.005715476066494,0.4704,0.0421781934179262,0.5828,0.0340978982734517,84.58312173604541,0.3070775695520067,92.86915,0.3007876542728468,11.699935831368096,0.2795571349132965,20.30787312652492,1.1249186986020765,0.774,0.005,0.8311999999999999,0.0083266639978645,81.62946026490066,0.4738313069800301,90.49461666666666,0.2863006869243155,10.122469189947807,0.1857991548277691,92.86915,0.3007876542728468,90.49461666666666,0.2863006869243155,2.9536614711447555,0.5646350513352595,2.3745333333333463,0.4152605161778526,1.5774666414202887,0.3356687617512902,8.138408144034303,1.5060541289009288,0.086649175711972,0.0849787069219348,8.138408144034303,10.778273759347996,0.11879999999999999,0.01557433786714543,0.11400000000000002,0.01624807680927192
54,G4FP_r28_l2_cro_mod3,25,25,0.728,0.005,0.4548,0.0505898540552681,0.5724,0.0409552601424204,83.79063604541153,0.2678829466414948,93.04624047619046,0.2445316101144061,12.077073669704294,0.2103375104063108,21.4432464273266,0.9157432785383348,0.7696,0.0035118845842842,0.8351999999999998,0.0077028133388609,81.81841388363291,0.4371403171086923,90.50980476190476,0.2572734809780228,10.179206306740934,0.1975470482389182,93.04624047619046,0.2445316101144061,90.50980476190476,0.2572734809780228,1.9722221617786173,0.5126918469638638,2.5364357142857017,0.3549441538604249,1.8978673629633604,0.2885597070830132,8.447037445441207,2.606197986988139,0.1881011957384056,0.1428469396422197,8.447037445441207,14.480734105200042,0.1284,0.019935897271003377,0.12760000000000002,0.017036431551237487
55,G4FP_r28_l2_cro_mod3,25,25,0.7295999999999999,0.0053851648071345,0.4668,0.0412027507172357,0.5844,0.0339214779552227,84.16502152317882,0.4294009430793061,93.68021666666664,0.2190137669019734,11.980281169631503,0.2744031102540628,20.90549111188567,1.027233489568912,0.7704000000000001,0.002,0.8267999999999998,0.0094516312525052,81.2613985808893,0.5020052462134728,90.84645,0.2509987031009009,10.258659313188016,0.1900760921879328,93.68021666666664,0.2190137669019734,90.84645,0.2509987031009009,2.903622942289516,0.6606015721622579,2.833766666666662,0.3331176654741177,1.7216218564434875,0.3338053141256725,10.235513702012902,1.8021578719922628,0.1628917865640942,0.1201670533340148,10.235513702012902,14.156738053981988,0.1292,0.016473008225579202,0.1104,0.01777188791321845
56,G4FP_r28_l2_cro_mod3,25,25,0.7291999999999998,0.0081240384046359,0.5052,0.0672135898956949,0.606,0.0559016994374947,84.42201948912015,0.5161686602514413,92.87885714285711,0.358081672821203,11.723518560572977,0.3605428378952082,20.779509236667828,1.604951989805447,0.7756000000000001,0.0065064070986477,0.8236,0.01113552872566,80.77836482970672,0.6540007689483038,90.5966261904762,0.3724790427904915,10.150874259900885,0.2884856494730248,92.87885714285711,0.358081672821203,90.5966261904762,0.3724790427904915,3.643654659413429,0.8331549025305801,2.282230952380928,0.51668474114159,1.5726443006720938,0.4617522148397378,10.77427067698605,2.367231404182213,0.1345009309637658,0.1064635995142792,10.77427067698605,14.895526511729011,0.11199999999999999,0.020976176963403034,0.1,0.028
57,G4FP_r28_l2_cro_mod3,25,25,0.7267999999999999,0.0085244745683629,0.4668,0.0371618083521241,0.5776,0.0333266659998666,84.19801785714286,0.2273640086364393,92.56069761904764,0.3839653227457402,12.05052334507623,0.3459508587864615,21.895321714883234,1.2588692599787443,0.7736000000000002,0.0090737717258774,0.8255999999999999,0.0086986589004665,80.7763991012299,0.8549130409521258,90.02491666666667,0.333169452876641,10.331191131967897,0.505008055288755,92.56069761904764,0.3839653227457402,90.02491666666667,0.333169452876641,3.4216187559129594,0.8846302617552952,2.535780952380975,0.5083613413718245,1.7193322131083342,0.612139798250057,11.569778338701886,3.0727423461304557,0.1105658539879483,0.0693951431438777,11.569778338701886,15.006011042244848,0.12,0.018761663039293722,0.106,0.026076809620810593
58,G4FP_r28_l2_cro_mod3,25,25,0.7311999999999999,0.007257180352359,0.4691999999999999,0.035227829907617,0.584,0.0299999999999999,84.69836007568591,0.4483810732676179,95.32093333333331,0.3936515764701119,11.700549295911337,0.2821469952787127,20.337324503311255,1.1884562690288,0.7776000000000001,0.0043588989435406,0.8323999999999998,0.008306623862918,82.07428878902554,0.5570249980224498,93.04983333333334,0.2419267338683039,10.098766589184686,0.210980173819239,95.32093333333331,0.3936515764701119,93.04983333333334,0.2419267338683039,2.6240712866603677,0.7150681333177498,2.27109999999999,0.4620498979737897,1.6017827067266488,0.3523060611025622,9.166924975366165,1.5053559257150164,0.1525135564981492,0.1192300496590763,9.166924975366165,11.751348092180438,0.12560000000000002,0.014987995196156158,0.1128,0.01637559159236698
59,G4FP_r28_l2_cro_mod3,25,25,0.7368000000000001,0.0069041050590693,0.4828,0.0395305788809962,0.6032,0.0296816441593116,84.64822795648061,0.2026649056171868,93.05963333333337,0.3161365564719835,11.67240686716938,0.1984680362415126,19.4199532938306,1.2924043026449472,0.7772,0.0054160256030906,0.8347999999999999,0.0065319726474218,82.81849307000947,0.4360590482841225,91.21123333333335,0.3294278034137915,10.036173325731328,0.2390612093655297,93.05963333333337,0.3161365564719835,91.21123333333335,0.3294278034137915,1.829734886471144,0.4808539877751644,1.848399999999998,0.4565796754127359,1.6362335414380509,0.3107085824898823,8.839948513138317,2.010930441103341,0.173183027697862,0.1356284099246682,8.839948513138317,12.938484813691751,0.13760000000000003,0.012092973166264778,0.1164,0.012611106216347558
60,G4FP_r28_l2_cro_mod3,25,25,0.7271999999999998,0.0045825756949558,0.4695999999999999,0.0443921915055639,0.5868,0.0352041664200891,84.68088209555346,0.3334905751116792,94.21443333333332,0.2348685199074552,12.10544796731398,0.2496205607354326,21.69088532589753,0.9061085988547288,0.7688000000000001,0.0078102496759066,0.8295999999999998,0.0101980390271855,81.071116769158,0.6433752531958383,91.2985,0.3810365788494558,10.483665277838693,0.3835846468209131,94.21443333333332,0.2348685199074552,91.2985,0.3810365788494558,3.609765326395461,0.7246707391037172,2.915933333333342,0.4476070777644342,1.621782689475289,0.4576544609403435,9.519444723269906,3.323136155306884,0.1437638218723443,0.1180071870128889,9.519444723269906,14.246953729408746,0.134,0.018973665961010275,0.12240000000000001,0.02267686045289339
61,G4FP_r28_l2_cro_mod3,25,25,0.7267999999999999,0.00556776436283,0.45,0.0600694043031336,0.5684,0.0484492862004522,83.62438159886472,0.2792976424471523,92.15823333333334,0.4231408525943291,11.987602643607884,0.2200162387304134,20.54945555942837,1.3432675977199418,0.7776,0.0077888809636986,0.8323999999999999,0.0105198225587063,81.14169824976348,0.8137707856815494,90.64193333333334,0.3156429193666436,10.142139642998114,0.4567382974458415,92.15823333333334,0.4231408525943291,90.64193333333334,0.3156429193666436,2.482683349101237,0.8603662387061126,1.516300000000001,0.527900211858788,1.8454630006097703,0.5069684582484439,11.468002770140115,3.4857748806357223,0.1385131482078949,0.09084751956025,11.468002770140115,15.27049900224643,0.1284,0.014609585894199743,0.11320000000000001,0.020143485299222674
62,G4FP_r28_l2_cro_mod3,25,25,0.7255999999999999,0.0058309518948453,0.4524,0.0344335108094813,0.5708000000000001,0.025967928938083,83.79532438505203,0.2988196117342235,93.39153333333334,0.1680455856776372,11.954308517968578,0.2165591080088033,20.476474729871036,0.9736018647146092,0.7696,0.002,0.8256,0.0126095202129184,81.53914318826868,0.4955289495388464,91.37955000000002,0.2187871304466382,10.588669005745365,0.1108317867339528,93.39153333333334,0.1680455856776372,91.37955000000002,0.2187871304466382,2.256181196783345,0.5786554244004498,2.011983333333319,0.2758752024282255,1.3656395122232148,0.2432725471815695,6.093512888827359,2.2485210473112622,0.1591873869674184,0.1188545149871159,6.093512888827359,12.760056327947453,0.124,0.012000000000000004,0.1168,0.024284974778656866
63,G4FP_r28_l2_cro_mod3,25,25,0.7292000000000001,0.005715476066494,0.4959999999999999,0.0613731754650732,0.6076,0.04952103929981,84.21680158467362,0.3521403830028865,93.71101666666664,0.237707301098155,11.891726050795317,0.2433412660436718,20.616229348204943,0.8895513903313261,0.7712,0.0033166247903554,0.8271999999999999,0.0109999999999999,81.06935910596026,0.4236657409300847,90.75723333333336,0.2370048102731109,10.1084155958072,0.1951394480961634,93.71101666666664,0.237707301098155,90.75723333333336,0.2370048102731109,3.1474424787133586,0.550904265167059,2.953783333333305,0.3356725206029863,1.783310454988117,0.3119204641619596,10.263601203438764,1.7386030248924922,0.1382891147199854,0.1007206587624648,10.263601203438764,14.935682405739692,0.13440000000000002,0.01387948125831798,0.10799999999999998,0.02244994432064365
64,G4FP_r28_l2_cro_mod3,25,25,0.7239999999999999,0.0057735026918962,0.4755999999999999,0.0551573506736258,0.5916,0.0431740662898458,84.0128240539262,0.2957620218907524,92.45773333333337,0.2803979655725478,12.161103715996544,0.209801204569008,22.049854304635765,0.9233415653216266,0.77,0.0040824829046386,0.8307999999999999,0.0090921211313239,81.41188483916746,0.4899643085409076,90.44653333333332,0.3088287058551789,10.24803705977808,0.2215745641495388,92.45773333333337,0.2803979655725478,90.44653333333332,0.3088287058551789,2.600939214758739,0.5723112765243017,2.0112000000000165,0.4171309011058859,1.913066656218465,0.3051423158407644,8.88785917480872,1.9640513275001608,0.1693859761366051,0.1419557993138199,8.88785917480872,14.412675341075207,0.13080000000000003,0.012936769303036987,0.118,0.017204650534085254
65,G4FP_r28_l2_cro_mod3,25,25,0.7312000000000001,0.0097125348562223,0.45,0.0519615242270663,0.5748000000000001,0.0440756924695082,83.28445719016082,0.3358809028622986,92.47433333333336,0.524395609447994,11.947207072912724,0.3677144491808045,20.63946322760544,1.6835429658306034,0.7692,0.0027688746209726,0.8263999999999999,0.0086023252670426,81.0851944654683,0.4618088012917983,90.66881666666669,0.3558786173371164,10.361713302048155,0.1933815000856898,92.47433333333336,0.524395609447994,90.66881666666669,0.3558786173371164,2.1992627246925167,0.5710370827347035,1.8055166666666624,0.6337510122170306,1.58549377086457,0.4154639824482191,9.48955364241429,1.8732909240912587,0.1752817305623461,0.1262028733824816,9.48955364241429,12.93885319584774,0.1368,0.014344336861632891,0.1124,0.018172506706560874
66,G4FP_r28_l2_cro_mod3,25,25,0.7367999999999999,0.00556776436283,0.4784,0.0382622529394179,0.5952,0.0308382878902185,84.94148590350046,0.3948153504923011,95.68601666666667,0.1906650716837938,11.47623637192962,0.2854285913439368,18.486025792959214,1.0106243307092593,0.7696,0.0035118845842842,0.8335999999999999,0.0075718777944003,81.95629224219489,0.5397483518096529,93.24818333333332,0.2247991284416999,10.28112297706241,0.2236895613486165,95.68601666666667,0.1906650716837938,93.24818333333332,0.2247991284416999,2.9851936613055727,0.6687357058402037,2.4378333333333444,0.2947673959384487,1.19511339486721,0.3626382503445004,8.205135129505157,2.095173544030133,0.159633974768858,0.1170757980227929,8.205135129505157,12.41931670958952,0.1288,0.013059862173851607,0.12639999999999998,0.017636326148038887
67,G4FP_r28_l2_cro_mod3,25,25,0.7312000000000001,0.006,0.4679999999999999,0.0485626742811115,0.584,0.0406201920231797,84.10142031693472,0.5963145363056039,93.2921,0.4085086337146931,11.967973292184665,0.2687140836691792,21.09380968978738,1.2136911945183508,0.7684000000000001,0.0062449979983984,0.8252000000000002,0.0100498756211208,81.15333285241249,0.6617141831694779,91.4047,0.3779131928971812,10.417337222051664,0.2947063640860241,93.2921,0.4085086337146931,91.4047,0.3779131928971812,2.9480874645222315,0.8907618572980193,1.8873999999999995,0.5565048833435223,1.5506360701329989,0.3988221405526163,9.387551747497293,3.041149353513765,0.1726581597772703,0.1272933948825541,9.387551747497293,13.745715788079112,0.1252,0.01577846633865282,0.11319999999999998,0.017825823964125756
68,G4FP_r28_l2_cro_mod3,25,25,0.7324,0.0072341781380702,0.5036,0.0468045581825816,0.6124,0.0374477413649119,84.16796329233681,0.2830065119473835,93.56258333333334,0.3838744105546808,11.819930202540734,0.2637790056801251,20.13352178459393,1.4353497707041762,0.7704000000000001,0.002,0.8323999999999999,0.0077888809636986,81.6619979422895,0.4801005943205931,90.96448333333332,0.2989768499879266,10.251693039778958,0.2034216731403434,93.56258333333334,0.3838744105546808,90.96448333333332,0.2989768499879266,2.5059653500473047,0.5573053619620139,2.5981000000000023,0.4865662543861903,1.5682371627617755,0.3331062006940312,8.560136421828053,2.1330616888520666,0.1528004415933918,0.1058343049814164,8.560136421828053,14.233965686309812,0.1292,0.01718604084715267,0.11959999999999998,0.015615377036754509
69,G4FP_r28_l2_cro_mod3,25,25,0.7272,0.0067823299831252,0.484,0.0610327780786685,0.594,0.0539289656245447,83.93115806527909,0.306509606629613,92.56828333333334,0.4087299540616292,11.987061460971848,0.2555756379717305,21.306289996514465,1.3939833265564203,0.7784,0.0037416573867739,0.8367999999999999,0.0102956301409869,82.15071248817407,0.4378638162797125,90.92996666666669,0.2446318012264493,9.881681373623964,0.2389084316353054,92.56828333333334,0.4087299540616292,90.92996666666669,0.2446318012264493,1.7804455771050272,0.5344837327396167,1.6383166666666682,0.4763453511041318,2.105380087347884,0.3498516048714061,7.980954628272753,1.8202359506979051,0.1147084870455297,0.0941338387745407,7.980954628272753,12.437174227464713,0.1252,0.024185946332529563,0.1176,0.01839130229211624
70,G4FP_r28_l2_cro_mod3,25,25,0.7284,0.0068799224801834,0.444,0.031091263510296,0.5624,0.0265015722804012,84.30560167928098,0.3155812009936369,93.26629285714286,0.1576921358996225,11.80038237206549,0.2671947722134516,20.62333983966539,1.0386581405028457,0.7688000000000001,0.0033166247903554,0.8263999999999999,0.0125432584814845,81.17847712866603,0.3148189909474599,91.22921190476193,0.2201478266317283,10.65807697030832,0.1281600540159325,93.26629285714286,0.1576921358996225,91.22921190476193,0.2201478266317283,3.127124550614951,0.4457605764104348,2.037080952380947,0.2707985880599428,1.14230540175717,0.2963410969534348,6.274343576038759,2.5072932866402065,0.1028958218261449,0.0620447838461365,6.274343576038759,12.823997937329034,0.12240000000000001,0.013047605144240077,0.11959999999999998,0.02288755120147195
71,G4FP_r28_l2_cro_mod3,25,25,0.7267999999999999,0.00556776436283,0.474,0.0507444578254611,0.5883999999999999,0.0421979462375441,84.92398826868495,0.4369049145933961,93.65706666666668,0.3755346397138379,11.841018662474164,0.3073906660408144,20.569493203206694,1.0815485326031398,0.7683999999999999,0.0037416573867739,0.8307999999999999,0.0103762549441822,81.5866924077578,0.3943810238101414,90.86968333333331,0.2241979751473798,10.476414806368144,0.1905869531067095,93.65706666666668,0.3755346397138379,90.86968333333331,0.2241979751473798,3.3372958609271564,0.5885764999873832,2.787383333333338,0.437368263234985,1.3646038561060188,0.3616799804571917,7.702745986610664,2.9196259583303217,0.1092109146183054,0.1092307020730586,7.702745986610664,14.458016310108622,0.1288,0.017508854902591433,0.1276,0.017499714283381887
72,G4FP_r28_l2_cro_mod3,25,25,0.7223999999999999,0.0059721576223896,0.4468000000000001,0.0338772293239377,0.5648000000000001,0.0285948713350255,83.7382358561968,0.3528041480646145,92.01033333333334,0.4485774679937349,12.211139138789417,0.2029959307245996,22.07088044614849,1.084603874011311,0.7687999999999999,0.0043969686527576,0.8275999999999999,0.0087939373055152,80.9022342242195,0.4389767604233124,90.33773333333332,0.3381887707714798,10.37543616508048,0.1855492406266511,92.01033333333334,0.4485774679937349,90.33773333333332,0.3381887707714798,2.8360016319772967,0.5631796898711322,1.6726000000000028,0.5617769926470777,1.8357029737089352,0.2750197603589119,8.350540522747025,1.7987556321433185,0.1323905508000144,0.0934363551163015,8.350540522747025,11.731257584323355,0.12560000000000002,0.017223240113288792,0.118,0.01918332609325088
73,G4FP_r28_l2_cro_mod3,25,25,0.7288,0.007257180352359,0.478,0.0609644705272396,0.5856,0.0537028863283902,83.27120991012298,0.3154008743122062,92.42881666666666,0.5502000593639299,11.99347486922681,0.2243368083695976,20.309487626350645,1.378079083047597,0.7724000000000001,0.0043588989435406,0.8307999999999999,0.0095393920141694,81.15447265846736,0.5288013186065611,90.76805,0.2155627500052233,10.07456668567168,0.2219311968807173,92.42881666666666,0.5502000593639299,90.76805,0.2155627500052233,2.1167372516556213,0.6157179111224083,1.6607666666666605,0.5909208106962273,1.9189081835551305,0.3155637173985078,9.304187232817023,2.6301215719074618,0.1377960016220152,0.1065205917824195,9.304187232817023,15.865051860147656,0.1176,0.029295733477760884,0.11359999999999999,0.017408044117591157
74,G4FP_r28_l2_cro_mod3,25,25,0.7352,0.0058594652770823,0.4964,0.0404021451575697,0.6036,0.0355762092790486,85.0042383396405,0.2890568592237547,92.96366666666668,0.2154216701009269,11.201775797983329,0.2603558541191285,19.187078424538164,1.034265815165931,0.774,0.0086602540378443,0.8363999999999998,0.0048989794855663,81.2304933538316,0.6945389223833228,90.28391666666668,1.000385277343184,10.215881627998773,0.4550780647246447,92.96366666666668,0.2154216701009269,90.28391666666668,1.000385277343184,3.7737449858088894,0.7522886298287971,2.6797499999999985,1.0233167637999838,0.9858941699845544,0.5242911555306162,8.591246993135348,2.114139904079804,0.1071418496866251,0.1014769460486925,8.591246993135348,13.077278241971635,0.1192,0.013833293172632469,0.1256,0.008979977728257463
75,G4FP_r28_l2_cro_mod3,25,25,0.7295999999999998,0.0097809338340808,0.478,0.0581664278887171,0.5863999999999999,0.0497393204617835,84.21938682592241,0.3551461234093355,93.04656428571428,0.3882550147355581,11.79320324919207,0.3143521701400443,20.27074311606832,1.694767523621446,0.7732000000000001,0.0085244745683629,0.8303999999999998,0.0113578166916005,80.77391750236518,0.8913731607612082,91.47960714285712,0.3473108493750678,10.348031577562388,0.4159392138031759,93.04656428571428,0.3882550147355581,91.47960714285712,0.3473108493750678,3.4454693235572336,0.9595180460513004,1.5669571428571487,0.5209287691814876,1.445171671629682,0.5213662018686668,10.378673202676069,3.5285339034045085,0.0675905844287532,0.02735957484396,10.378673202676069,14.79527560328345,0.1168,0.019538679586911703,0.1152,0.026095210288480143
76,G4FP_r28_l2_cro_mod3,25,25,0.7304,0.007895146188218,0.4572,0.0363455636907725,0.5736,0.0316069612585582,84.02776201513717,0.3360709549511757,92.66905,0.6195247385055511,11.857453363224346,0.2737834087489375,20.511405367723945,1.57039311542421,0.7759999999999999,0.0081649658092772,0.8291999999999998,0.0125565388012248,80.14317734153265,0.7471538505988584,90.44275,0.3111554640383578,10.152738169378535,0.4312778260093953,92.66905,0.6195247385055511,90.44275,0.3111554640383578,3.8845846736045218,0.8192573241823942,2.2263000000000237,0.6932738451876699,1.7047151938458107,0.5108404037599004,12.84655495037186,2.1629033031805007,0.1540766534377088,0.1077330716913566,12.84655495037186,15.176774437399388,0.12560000000000002,0.012674383614203892,0.10439999999999999,0.026393938698117795
77,G4FP_r28_l2_cro_mod3,25,25,0.7684000000000001,0.0114309521329881,0.4044,0.0467332857821916,0.5384,0.0396526585909864,85.58142667928098,0.657862165879075,94.17376666666664,0.3886329666338563,10.103530711076171,0.5383137248589375,16.781006622516557,1.256515731683879,0.784,0.0086602540378443,0.838,0.011902380714238,80.90113410596027,0.7309634697669011,91.07801666666666,0.3350867140051665,9.873418578132538,0.4616712500083311,94.17376666666664,0.3886329666338563,91.07801666666666,0.3350867140051665,4.680292573320713,0.983407455447016,3.095749999999996,0.5131458746374293,0.2301121329436348,0.7091699439878701,10.093775924972908,1.6801423721761768,0.1560320365150092,0.1305527347453079,10.093775924972908,13.813345521934592,0.1228,0.01587954659302337,0.1136,0.024475293665245364
78,G4FP_r28_l2_cro_mod3,25,25,0.7472,0.0254165300542776,0.442,0.0432049379893857,0.5619999999999999,0.0342782730020052,83.4903330652791,1.7877698931257968,92.99621666666668,0.740858221601061,11.274939451286382,1.2007271649738314,17.70415754618334,2.28041091734897,0.7752000000000001,0.008225975119502,0.8327999999999999,0.009363047936792,80.05343039262061,0.692096462624632,90.61481666666668,0.3154564566491957,10.26293395026534,0.4078422573845599,92.99621666666668,0.740858221601061,90.61481666666668,0.3154564566491957,3.4369026726584906,1.9170599115167348,2.381400000000013,0.805222752134807,1.0120055010210418,1.2681013491100102,10.849665174381055,2.4587639684829816,0.1143436068700378,0.0950898257891252,10.849665174381055,16.317148352932882,0.11879999999999999,0.016326665305566843,0.11599999999999999,0.018330302779823362
79,G4FP_r28_l2_cro_mod3,25,25,0.7344000000000002,0.0071180521680208,0.476,0.0506622805119022,0.5924,0.0399249295553542,85.16834157994325,0.373305999821725,93.67423333333336,0.3757042900229742,11.581885501887596,0.2617045516228105,19.56622586266992,1.0012370589134512,0.7768,0.00556776436283,0.834,0.0091287092917527,81.43790815988648,0.5937750895399935,90.79343333333334,0.301258963290661,10.206454190605676,0.368268269451935,93.67423333333336,0.3757042900229742,90.79343333333334,0.301258963290661,3.7304334200567695,0.7013745265271081,2.880800000000008,0.4815710503182587,1.37543131128192,0.4517862222613913,11.557503296545931,3.2025675281709858,0.1551640066014105,0.1065677956263081,11.557503296545931,16.075210520092146,0.1304,0.011128342194594847,0.11440000000000002,0.0192
80,G4FP_r28_l2_cro_mod3,25,25,0.7292000000000001,0.0075938571665963,0.4532,0.029540932054806,0.5680000000000001,0.0251661147842358,84.45661882686849,0.4307073662723914,93.32349999999998,0.1550053669172411,11.711800428955463,0.3260045533808299,20.17493203206692,1.064203240318503,0.7687999999999999,0.0033166247903554,0.826,0.0122474487139158,81.47508526490067,0.3635161140072562,91.36291666666668,0.2009646873347536,10.64989237314153,0.157620715998502,93.32349999999998,0.1550053669172411,91.36291666666668,0.2009646873347536,2.9815335619678223,0.5636069556918513,1.960583333333304,0.2537980877167987,1.0619080558139338,0.3621094571216207,6.463997139485721,2.930364567405431,0.1029657165523684,0.0648628911742336,6.463997139485721,12.823954902537734,0.1192,0.01324235628579748,0.1168,0.023103246525109845
81,G4FP_r28_l2_cro_mod3,25,25,0.7288,0.0043969686527576,0.4983999999999999,0.0504711138507298,0.6056,0.0417412665516193,84.34679671239357,0.2730054751008202,92.67543333333332,0.2904820805495098,11.845460273095176,0.2494137795170563,20.670424538166607,1.179515953680707,0.7744000000000001,0.0050662280511902,0.8307999999999999,0.0086216781042517,81.49539389782403,0.4776437470948266,90.43498333333334,0.2111720311407527,10.135905267312838,0.2153460622281008,92.67543333333332,0.2904820805495098,90.43498333333334,0.2111720311407527,2.851402814569539,0.5501595573775042,2.240449999999996,0.3591287594394007,1.709555005782338,0.3295165548650505,8.329725632931513,1.5919110318200391,0.0863168370422818,0.078577366210439,8.329725632931513,11.136018562710651,0.124,0.015748015748023626,0.11599999999999999,0.014966629547095767
82,G4FP_r28_l2_cro_mod3,25,25,0.7275999999999999,0.0066332495807108,0.5064,0.0549150859661228,0.6103999999999999,0.043539254319139,84.48824205298013,0.3850920274182752,92.94716190476193,0.4218995551208889,11.914987276909194,0.2487960486558444,21.05014708957825,1.1559298289641542,0.7764000000000002,0.0048989794855663,0.8319999999999999,0.0099999999999999,82.20467282403028,0.4643072141961872,90.80077380952382,0.2338525469430163,10.10870431121442,0.1991366816816288,92.94716190476193,0.4218995551208889,90.80077380952382,0.2338525469430163,2.283569228949844,0.6032222299747761,2.146388095238109,0.4823756299015733,1.8062829656947732,0.3186767826778909,9.246858348801275,1.57856697490097,0.1937873113273058,0.1302235680642095,9.246858348801275,12.11190844796814,0.12359999999999999,0.01830409790183608,0.11559999999999998,0.017906423428479513
83,G4FP_r28_l2_cro_mod3,25,25,0.7304,0.0061101009266077,0.4823999999999999,0.0358561942579893,0.5916,0.0279404127862611,84.65983308893095,0.3551016633952338,95.1922738095238,0.2203735942305885,11.727181180306868,0.2397771225392837,20.334612757058206,0.8850089279012757,0.7707999999999999,0.004,0.8316,0.0074610097618664,81.90788476821191,0.5019249320646179,93.3313285714286,0.2663089293912032,10.372785053287137,0.1832651349623732,95.1922738095238,0.2203735942305885,93.3313285714286,0.2663089293912032,2.7519483207190376,0.6148380508508995,1.8609452380952265,0.3456659759183668,1.354396127019731,0.301793270610853,7.392568336132651,2.3613810698020266,0.1181071247303976,0.1124843739476502,7.392568336132651,14.744533839169408,0.12119999999999999,0.013658696863171102,0.1228,0.016618062462272792
84,G4FP_r28_l2_cro_mod3,25,25,0.7344000000000002,0.0058309518948453,0.4968,0.0547509512854951,0.606,0.0438748219369606,85.05009500946073,0.3451648475805284,93.25096666666668,0.2009447708349835,11.380287885404838,0.2908283430127066,19.59264900662252,0.911859592157482,0.7704000000000001,0.002,0.8256,0.013253930234714,81.78134940870387,0.2068999634441195,91.25973333333332,0.2185706566409221,10.259226086575149,0.0894090972307141,93.25096666666668,0.2009447708349835,91.25973333333332,0.2185706566409221,3.2687456007568585,0.4024256041536962,1.991233333333355,0.2969039118475334,1.1210617988296896,0.3042615844419532,5.11975107779765,1.90435060624768,0.1729973572947952,0.1376375207931776,5.11975107779765,11.353382345918805,0.1216,0.013169662106523468,0.10880000000000001,0.026430285658690864
85,G4FP_r28_l2_cro_mod3,25,25,0.7247999999999999,0.0091833182093039,0.4543999999999999,0.0533135379930213,0.562,0.0465474668125631,83.1214140728477,0.4234515839658364,91.99227142857144,0.3995604015259665,12.231066158131227,0.3844180196474289,20.224478215406062,1.8070645814476864,0.7752000000000001,0.0065319726474218,0.8308,0.0115181016954473,81.25467741248818,0.4935580411438701,90.29385476190475,0.3120525955809751,10.187429103986666,0.2485890990720619,91.99227142857144,0.3995604015259665,90.29385476190475,0.3120525955809751,1.8667366603595208,0.6503159108778979,1.6984166666666738,0.5069766630491144,2.043637054144561,0.4577922607549307,10.17115494444093,2.269448956682862,0.096843719624841,0.0765360983184796,10.17115494444093,14.674199709934689,0.1056,0.028993792439072196,0.10999999999999999,0.026683328128252668
86,G4FP_r28_l2_cro_mod3,25,25,0.7304,0.0067577116442377,0.474,0.0639661368746516,0.5824,0.0542586398650021,83.61350768684957,0.343889976854385,92.70579999999998,0.5030357052114652,11.855611494453663,0.2263810028088104,20.08589613105612,1.210313306733106,0.7760000000000001,0.0086602540378443,0.8271999999999998,0.0120830459735945,80.64605851466413,0.936964909672995,90.86298333333332,0.3153489964837886,10.136527520722774,0.5298876171893472,92.70579999999998,0.5030357052114652,90.86298333333332,0.3153489964837886,2.9674491721854395,0.9980799357463476,1.842816666666664,0.5937086072316358,1.719083973730891,0.5762197890417569,10.997306061505457,3.1579432804372565,0.1550005780686499,0.112279100943396,10.997306061505457,14.978351306297812,0.1128,0.023919866220361685,0.10319999999999999,0.02989581910568767
87,G4FP_r28_l2_cro_mod3,25,25,0.7196000000000001,0.0073484692283495,0.4615999999999999,0.0513711981561652,0.5791999999999999,0.0413239236601108,83.01279654683066,0.3849573006042384,92.9461,0.3982885275242152,12.43913409225454,0.2831092530828008,21.46407947019868,1.1010397484024406,0.7752000000000001,0.008225975119502,0.8343999999999998,0.0086986589004666,80.47009181646168,0.5999861182254135,90.5911,0.2239775146824637,10.05745533090654,0.4069136333498837,92.9461,0.3982885275242152,90.5911,0.2239775146824637,2.542704730368982,0.7128642685334298,2.3549999999999898,0.4569460342761941,2.3816787613480006,0.4957111600388929,12.91489508772063,2.513750279755832,0.1303703723580867,0.0983069816689242,12.91489508772063,15.358725704138944,0.13240000000000002,0.01335065541462291,0.11599999999999999,0.02
88,G4FP_r28_l2_cro_mod3,25,25,0.738,0.0057735026918962,0.4972,0.0437340447096614,0.6048,0.0351330803279947,85.18699117786187,0.3526877926809482,94.12986666666669,0.1637887694421393,11.41248163352452,0.2328530626798317,18.646746601603343,0.8722784847630338,0.7692,0.0027688746209726,0.8303999999999999,0.0109848380355227,82.24520134815515,0.4791080327651338,91.32128333333334,0.24988032204882,10.318507697030832,0.225001334288713,94.12986666666669,0.1637887694421393,91.32128333333334,0.24988032204882,2.941789829706721,0.5949228405148319,2.808583333333331,0.2987757291725555,1.093973936493688,0.3237995510050606,7.16726695857639,2.3552112257638598,0.1944687286141334,0.1325122903310573,7.16726695857639,12.57318513020802,0.12079999999999998,0.016228370220080637,0.12119999999999999,0.01904100837665905
89,G4FP_r28_l2_cro_mod3,25,25,0.73,0.0086602540378443,0.4427999999999999,0.0385702821699124,0.5616,0.0361340098337655,83.7975493140965,0.3831259201356364,92.21791666666668,0.3424492646255684,11.872522122262012,0.2841633061635636,20.2799058905542,1.882426665235428,0.7791999999999999,0.0081240384046359,0.834,0.0095742710775633,80.65960655156101,0.6375129426944978,90.84515,0.3080056648559122,9.949161352572254,0.4336089855805202,92.21791666666668,0.3424492646255684,90.84515,0.3080056648559122,3.137942762535488,0.7437796869925772,1.3727666666666778,0.4605854843847395,1.9233607696897577,0.5184260187779689,12.897224044750777,2.009174319144593,0.174096919469823,0.1314562863863016,12.897224044750777,15.184300016944745,0.12159999999999999,0.017130090484291087,0.1104,0.02323445717033217
90,G4FP_r28_l2_cro_mod3,25,25,0.7295999999999999,0.0067577116442377,0.4995999999999999,0.0366833295471753,0.612,0.0348807492274272,84.37183464995269,0.728067343740781,93.93091666666668,0.637986844332753,11.919389446919189,0.3308311792467575,20.77177901707912,1.04312547125859,0.7759999999999999,0.0070710678118654,0.8371999999999999,0.0106144555520604,81.60605371333963,0.7945545565134475,91.50505,0.2819556045957663,10.144423051620542,0.429278765336304,93.93091666666668,0.637986844332753,91.50505,0.2819556045957663,2.765780936613055,1.07768223530781,2.425866666666664,0.6975142840864469,1.7749663952986463,0.5419681978958376,10.852110261761512,3.816176362849746,0.1689672441461355,0.1308189696381854,10.852110261761512,15.71059944453003,0.134,0.02,0.12279999999999999,0.0190829767070025
91,G4FP_r28_l2_cro_mod3,25,25,0.7264,0.0048989794855663,0.4632,0.0432743187891694,0.58,0.0341565025531986,84.28160411542099,0.4068504248375218,93.9603,0.3811928372447054,11.972492386525753,0.2422005168440683,21.095746253049843,1.1230091528357398,0.7744000000000001,0.0050662280511902,0.8283999999999999,0.0089814623902049,81.84251130558182,0.4912210700518438,92.1978,0.188630140383535,10.082610674970397,0.1927071849112688,93.9603,0.3811928372447054,92.1978,0.188630140383535,2.439092809839167,0.6378286665346349,1.762500000000017,0.4253108381263997,1.8898817115553577,0.3095111459640182,8.791811282382211,1.6676823550239033,0.1497988357391721,0.1285349220873586,8.791811282382211,12.425887259517278,0.1252,0.015263027222671133,0.1112,0.016569852141766383
92,G4FP_r28_l2_cro_mod3,25,25,0.7371999999999999,0.0061373175465073,0.4983999999999999,0.0414004830889689,0.6043999999999999,0.0347706773014274,85.1562569063387,0.3947565206642086,94.74564999999998,0.1645217483231206,11.21718756611446,0.2741537584656651,19.36585500174277,1.0189148580856555,0.7692,0.0027688746209726,0.8292,0.0075938571665963,81.59677724692526,0.2649962038166487,93.71303333333336,0.3205018922923294,10.562392526643569,0.1090941517162563,94.74564999999998,0.1645217483231206,93.71303333333336,0.3205018922923294,3.559479659413441,0.4754531508404867,1.0326166666666268,0.3602622220470253,0.6547950394708906,0.2950623954683819,5.534467630623613,1.7793662136630573,0.1918163374638966,0.1399319434608551,5.534467630623613,12.64587470024664,0.118,0.009380831519646861,0.12560000000000002,0.01168931135696197
93,G4FP_r28_l2_cro_mod3,25,25,0.7340000000000001,0.0070710678118654,0.4696,0.0403608721412211,0.5816,0.0335012437580059,84.77651497161779,0.4363046338881623,94.39258333333332,0.1564284628979958,11.47171254160965,0.3465491958418743,19.69346601603346,1.304587763351438,0.77,0.0,0.83,0.0108012344973464,81.78965359508042,0.2562681272914703,92.8035,0.192404903759597,10.545306521643786,0.1250848828479451,94.39258333333332,0.1564284628979958,92.8035,0.192404903759597,2.9868613765373624,0.5059990974475751,1.589083333333349,0.2479707865765027,0.9264060199658636,0.3684325895679343,5.373171144853012,2.318441117360664,0.0873419140780903,0.0629792907597423,5.373171144853012,13.202368382891422,0.1176,0.01581897594662815,0.11879999999999999,0.02122639865827456
94,G4FP_r28_l2_cro_mod3,25,25,0.7275999999999999,0.0059721576223896,0.4931999999999999,0.0448813249952954,0.6088,0.0378945906429928,84.49474924314096,0.4328790550714607,94.08425,0.2344785882193346,12.022432818004486,0.261446183287365,21.33250331125828,0.9310893343366125,0.7683999999999999,0.0037416573867739,0.8271999999999999,0.0073711147958319,81.05154456007568,0.3625790759341377,91.06853333333336,0.3009090230651725,10.425645498004474,0.2043720176385449,94.08425,0.2344785882193346,91.06853333333336,0.3009090230651725,3.443204683065275,0.5646661514778568,3.0157166666666626,0.3814792897332289,1.5967873200000111,0.3318463927017743,9.12446305966808,2.3495024804501417,0.1398748062613407,0.0899262897447065,9.12446305966808,13.527900142030203,0.136,0.014422205101855958,0.12,0.015231546211727818
95,G4FP_r28_l2_cro_mod3,25,25,0.728,0.0076376261582597,0.4956,0.056500737458314,0.6044,0.0455594849253881,84.44242762535478,0.3502889597094423,93.22718809523808,0.1721304938794576,11.78446824079735,0.3257385078227864,20.709028232833735,1.3694344834319918,0.7716000000000001,0.0037416573867739,0.8315999999999998,0.008,81.55077355723746,0.4407032185977441,90.36316666666669,0.2361855514489549,10.112768562782334,0.2210127054745936,93.22718809523808,0.1721304938794576,90.36316666666669,0.2361855514489549,2.891654068117319,0.5629579754979357,2.8640214285714194,0.2922542072176771,1.6716996780150168,0.3936396721112024,7.660797725663408,1.9320989244747175,0.137995389341302,0.1055749259166144,7.660797725663408,11.665649148294838,0.1268,0.01406271666499756,0.1184,0.01665653025092561
96,G4FP_r28_l2_cro_mod3,25,25,0.7247999999999999,0.0065319726474218,0.45,0.0386221007541882,0.5712,0.0332064250810993,84.14210468306528,0.3169785443637222,93.17598333333332,0.279080933145512,12.100442348191496,0.2187259440822196,21.818478215406063,0.901587286279013,0.7764,0.007,0.828,0.0095742710775633,80.69073119678336,0.5060605864925481,90.93321666666668,0.2247717630978402,10.114185649752203,0.3510096515410945,93.17598333333332,0.279080933145512,90.93321666666668,0.2247717630978402,3.4513734862819234,0.5971370988208035,2.242766666666668,0.3583413355049642,1.9862566984392915,0.4135804807889982,12.103208534831198,2.2501372540153275,0.1725261182302113,0.1261805555780917,12.103208534831198,14.437578905154064,0.1324,0.015041276541570534,0.1084,0.021481154531356086
97,G4FP_r28_l2_cro_mod3,25,25,0.7147999999999999,0.0071414284285428,0.4628,0.0340978982734518,0.5771999999999999,0.0282134719593317,83.73724103595079,0.3595603807038454,93.68993333333331,0.2466161817236711,12.65779458662086,0.2006694338319594,22.832707563611017,1.121805474290373,0.7684000000000001,0.0068799224801834,0.83,0.0086602540378443,81.6868403500473,0.4468018751567965,92.86485,0.3399320780808034,10.47512113503794,0.2966207249986994,93.68993333333331,0.2466161817236711,92.86485,0.3399320780808034,2.050400685903483,0.5735116241328713,0.8250833333333247,0.4199682830837302,2.18267345158292,0.3581229902885225,9.736115921392583,2.533351630719363,0.0706993294457088,0.0349735870636336,9.736115921392583,13.555381213813735,0.13,0.015748015748023623,0.1228,0.019701776569639604
98,G4FP_r28_l2_cro_mod3,25,25,0.7308,0.005715476066494,0.4672,0.0342198772645373,0.5776,0.0296198131886973,84.27599250236518,0.268687846279999,93.1663,0.1702423857545708,11.829192030356849,0.2622717226371631,20.94232833739979,1.0857717957698036,0.7704000000000001,0.002,0.8228,0.0139999999999999,81.53580768684958,0.3259636411150673,91.50191666666667,0.2457963425559651,10.319506776018596,0.1827248982382632,93.1663,0.1702423857545708,91.50191666666667,0.2457963425559651,2.740184815515605,0.4224280460239077,1.664383333333333,0.2989955048513228,1.5096852543382528,0.3196480016068435,6.74622974450957,2.734658022097088,0.1148814851310623,0.0868073146751927,6.74622974450957,12.411272791593616,0.11560000000000001,0.019407215153133126,0.10400000000000001,0.02513961017995307
99,G4FP_r28_l2_cro_mod3,25,25,0.7275999999999999,0.008306623862918,0.4948,0.0665281895139195,0.5972,0.052083266666624,84.36222928098393,0.4806356721493209,92.79181666666663,0.2497598059098957,11.755649537562718,0.4008020586991453,19.794887417218543,1.6125356461148113,0.7732000000000001,0.0047609522856952,0.8311999999999999,0.0088128693776015,81.52398488647114,0.4137788793359098,90.88461666666667,0.2951564762733694,10.177932590675848,0.1959425047384301,92.79181666666663,0.2497598059098957,90.88461666666667,0.2951564762733694,2.8382443945127847,0.6342110140378444,1.9071999999999747,0.386648814991409,1.57771694688687,0.4461342347552392,8.45404268646473,1.9852649272559348,0.0925152501195499,0.0873202929853334,8.45404268646473,13.21839180121553,0.1124,0.020450916849862746,0.11479999999999999,0.02156293115510969
